locus_id	chrom	start_gr1	end_gr1	start_bed0	end_bed	summit_gr1	summit_bed0	representative_sample	representative_group	representative_qvalue	representative_signal	representative_normalized_rank	AML_n_patients	PBMC_n_patients	AML_n_peak_positive	PBMC_n_peak_positive	AML_peak_fraction	PBMC_peak_fraction	AML_group_mean_RPGC	PBMC_group_mean_RPGC	AML_group_median_RPGC	PBMC_group_median_RPGC	peak_fraction_difference	mean_RPGC_difference	median_RPGC_difference
1	chr2	24737041	24737541	24737040	24737541	24737291	24737290	673	PBMC	2.3002	4.02493	0.21794871794871795	13	3	0	1	0	0.3333333333333333	0.9273015933342104	0.6635691714302667	0.9734308103363433	0	-0.3333333333333333	0.26373242190394364	0.9734308103363433
2	chr2	24749094	24749594	24749093	24749594	24749344	24749343	566	AML	2.06497	4.19528	0.09375	13	3	1	0	0.07692307692307693	0	1.1985859050008352	0.5002628662391099	1.3812489376334611	0.7371450779204834	0.07692307692307693	0.6983230387617253	0.6441038597129777
3	chr2	24765393	24765893	24765392	24765893	24765643	24765642	546	AML	2.99605	4.46361	0.13888888888888884	13	3	1	0	0.07692307692307693	0	1.0760161301772313	1.0839036623398939	1.0597676240993354	0.6663445940988506	0.07692307692307693	-0.00788753216266258	0.39342303000048484
4	chr2	24768074	24768574	24768073	24768574	24768324	24768323	673	PBMC	3.04055	4.52805	0.5512820512820513	13	3	0	1	0	0.3333333333333333	0.33764906239257	0.8578634726073213	0.260124780460746	1.1669769182414589	-0.3333333333333333	-0.5202144102147513	-0.9068521377807128
5	chr2	24773881	24774381	24773880	24774381	24774131	24774130	673	PBMC	2.3002	4.02493	0.20512820512820518	13	3	0	1	0	0.3333333333333333	1.3150509312536134	1.6706756306186328	1.2416944056451915	2.1255650835598776	-0.3333333333333333	-0.3556246993650194	-0.8838706779146861
6	chr2	24785638	24786138	24785637	24786138	24785888	24785887	773	AML	5.73029	6.08874	0.5666666666666667	13	3	3	1	0.23076923076923078	0.3333333333333333	3.369012110210977	3.0362728598192383	2.847012668312667	3.4646338399298893	-0.10256410256410253	0.3327392503917386	-0.6176211716172224
7	chr2	24793117	24793617	24793116	24793617	24793367	24793366	576	PBMC	57.7926	20.17699	1	13	3	13	3	1	1	22.481197928130378	29.012330280965116	15.967185090877814	20.03625982678579	0	-6.531132352834739	-4.069074735907977
8	chr2	24827574	24828074	24827573	24828074	24827824	24827823	566	AML	5.79122	5.77212	0.96875	13	3	3	2	0.23076923076923078	0.6666666666666666	3.800386578938241	5.39740863345261	3.3674361082370172	5.963790029584767	-0.43589743589743585	-1.597022054514369	-2.59635392134775
9	chr2	24834095	24834595	24834094	24834595	24834345	24834344	260	AML	2.70901	4.4157	0.5	13	3	1	0	0.07692307692307693	0	2.0110827103273197	2.2445543197814577	1.8311211158653458	2.309755605613876	0.07692307692307693	-0.23347160945413803	-0.4786344897485302
10	chr2	24838064	24838564	24838063	24838564	24838314	24838313	673	PBMC	2.79597	3.25253	0.39743589743589747	13	3	0	1	0	0.3333333333333333	1.7168029775894789	2.51142861223665	1.6089199479230625	1.3250069618225098	-0.3333333333333333	-0.794625634647171	0.2839129861005527
11	chr2	24847398	24847898	24847397	24847898	24847648	24847647	1360	AML	2.1995	4.18408	0.31034482758620685	13	3	1	0	0.07692307692307693	0	1.1664050119951466	1.8708208560229775	0.9107648541113573	0.9709716466610541	0.07692307692307693	-0.704415844027831	-0.06020679254969674
12	chr2	24852189	24852689	24852188	24852689	24852439	24852438	673	PBMC	5.03281	4.15119	0.8461538461538461	13	3	0	1	0	0.3333333333333333	1.9462556357429852	3.4518290318732094	2.1756636549136834	1.8418889609639517	-0.3333333333333333	-1.5055733961302242	0.3337746939497317
13	chr2	24865812	24866312	24865811	24866312	24866062	24866061	673	PBMC	3.6058500000000002	4.80677	0.641025641025641	13	3	0	1	0	0.3333333333333333	1.0513352751457323	1.846444446328316	0.877780398922766	1.215378085296311	-0.3333333333333333	-0.7951091711825837	-0.3375976863735449
14	chr2	24872241	24872741	24872240	24872741	24872491	24872490	566	AML	2.19085	3.82462	0.21875	13	3	1	1	0.07692307692307693	0.3333333333333333	1.7156721846255292	2.450406604580933	0.9730593639457535	2.5504113364362433	-0.2564102564102564	-0.7347344199554038	-1.5773519724904896
15	chr2	24877328	24877828	24877327	24877828	24877578	24877577	566	AML	2.37207	3.823	0.375	13	3	1	0	0.07692307692307693	0	1.7584241849384457	2.4047494734118797	1.5238185262013815	1.0795888382041763	0.07692307692307693	-0.6463252884734341	0.4442296879972052
16	chr2	24886534	24887034	24886533	24887034	24886784	24886783	673	PBMC	3.40289	4.49824	0.6153846153846154	13	3	3	2	0.23076923076923078	0.6666666666666666	2.890342410123606	3.6774101979083724	2.246876928382767	3.447155259564489	-0.43589743589743585	-0.7870677877847663	-1.200278331181722
17	chr2	24913813	24914313	24913812	24914313	24914063	24914062	673	PBMC	3.87629	4.05145	0.7307692307692308	13	3	0	1	0	0.3333333333333333	1.0588137452071225	3.224181335446681	0.922226803983281	1.8082778087395155	-0.3333333333333333	-2.1653675902395584	-0.8860510047562344
18	chr2	24919182	24919682	24919181	24919682	24919432	24919431	576	PBMC	3.1876	4.58558	0.368421052631579	13	3	0	1	0	0.3333333333333333	2.423797067072321	4.589034169416625	2.274278211260508	4.110515934740474	-0.3333333333333333	-2.1652371023443036	-1.8362377234799658
19	chr2	24919842	24920342	24919841	24920342	24920092	24920091	103	PBMC	3.15319	4.24481	0.3939393939393939	13	3	2	1	0.15384615384615385	0.3333333333333333	3.1982390856607417	4.075496370127736	3.583719738943134	3.9540108025906804	-0.17948717948717946	-0.8772572844669941	-0.37029106364754627
20	chr2	24920458	24920958	24920457	24920958	24920708	24920707	576	PBMC	3.24559	4.62428	0.39473684210526316	13	3	0	1	0	0.3333333333333333	2.826846157792488	5.233468620720024	2.6355492302519594	4.348943102145624	-0.3333333333333333	-2.406622462927536	-1.7133938718936643
21	chr2	24921095	24921595	24921094	24921595	24921345	24921344	990	AML	3.48267	4.61775	0.20588235294117652	13	3	1	0	0.07692307692307693	0	1.8406392766201933	2.4418642523283967	2.0472783647373527	2.9873557326322544	0.07692307692307693	-0.6012249757082033	-0.9400773678949017
22	chr2	24924799	24925299	24924798	24925299	24925049	24925048	270	AML	2.19211	4.19375	0	13	3	1	0	0.07692307692307693	0	1.7336010405238682	2.3562299598476844	1.5082044154108165	1.6025776146890636	0.07692307692307693	-0.6226289193238161	-0.09437319927824706
23	chr2	24926421	24926921	24926420	24926921	24926671	24926670	546	AML	6.23711	6.04382	0.4444444444444444	13	3	2	0	0.15384615384615385	0	3.5680418437881327	2.8867396242366343	3.06789372543137	1.8578139940897624	0.15384615384615385	0.6813022195514984	1.2100797313416074
24	chr2	24926923	24927423	24926922	24927423	24927173	24927172	990	AML	2.5955	4.10467	0	13	3	2	0	0.15384615384615385	0	3.1697095795635364	2.462402896014992	3.189838883405674	2.043596173950774	0.15384615384615385	0.7073066835485444	1.1462427094548997
25	chr2	24935234	24935734	24935233	24935734	24935484	24935483	566	AML	2.55095	4.51009	0.46875	13	3	1	0	0.07692307692307693	0	1.5445552987655553	1.544984704640732	1.4482991923829038	1.6939999809760058	0.07692307692307693	-4.294058751765917e-4	-0.24570078859310196
26	chr2	24953838	24954338	24953837	24954338	24954088	24954087	673	PBMC	2.3002	4.02493	0.1923076923076923	13	3	0	1	0	0.3333333333333333	0.9586537893184882	1.8612601761015273	0.6478663861394642	1.9749887570173679	-0.3333333333333333	-0.9026063867830391	-1.3271223708779036
27	chr2	24971487	24971987	24971486	24971987	24971737	24971736	990	AML	54.93848	15.06884	1	13	3	13	3	1	1	25.9282275740862	37.445262907983775	21.518928112859975	33.54658675051021	0	-11.517035333897574	-12.027658637650234
28	chr2	24984757	24985257	24984756	24985257	24985007	24985006	546	AML	14.65353	10.06486	0.8333333333333334	13	3	4	0	0.3076923076923077	0	3.822128136678169	1.1507224529010014	3.187681814867579	1.0338764787909989	0.3076923076923077	2.6714056837771674	2.15380533607658
29	chr2	24986377	24986877	24986376	24986877	24986627	24986626	546	AML	5.10885	5.61451	0.33333333333333337	13	3	1	0	0.07692307692307693	0	1.7014185539427467	0.8573095420956691	1.5189490798942582	0.5853866736094157	0.07692307692307693	0.8441090118470775	0.9335624062848425
30	chr2	25009906	25010406	25009905	25010406	25010156	25010155	673	PBMC	4.7868	5.53428	0.8333333333333334	13	3	2	1	0.15384615384615385	0.3333333333333333	2.3614962073161676	2.5566109573531772	1.77361929107331	1.0419425992908593	-0.17948717948717946	-0.19511475003700962	0.73167669178245065
31	chr2	25014387	25014887	25014386	25014887	25014637	25014636	673	PBMC	2.3002	4.02493	0.16666666666666663	13	3	0	1	0	0.3333333333333333	1.0193042154596201	1.4544520463772164	0.9680596340202285	1.121266471173711	-0.3333333333333333	-0.43514783091759623	-0.1532068371534825
32	chr2	25018046	25018546	25018045	25018546	25018296	25018295	566	AML	5.08611	6.05194	0.875	13	3	1	0	0.07692307692307693	0	1.1531028215665158	0.9951127435236238	0.9107648541113573	1.0025184949239094	0.07692307692307693	0.157990078042892	-0.0917536408125521
33	chr2	25020789	25021289	25020788	25021289	25021039	25021038	1360	AML	2.1995	4.18408	0.24137931034482762	13	3	1	0	0.07692307692307693	0	0.8427541239661005	0.4689122570885552	0.7252225666464922	0.385584036509196	0.07692307692307693	0.3738418668775453	0.3396385301372962
34	chr2	25025681	25026181	25025680	25026181	25025931	25025930	1360	AML	2.1995	4.18408	0.2068965517241379	13	3	1	0	0.07692307692307693	0	1.0726823078291987	0.6539391307773704	0.7285190337670302	0.7746733824412028	0.07692307692307693	0.4187431770518283	-0.04615434867417256
35	chr2	25026758	25027258	25026757	25027258	25027008	25027007	566	AML	2.22039	4.24786	0.28125	13	3	1	0	0.07692307692307693	0	1.4825136790018596	1.3716029612841958	0.9631573321100718	1.2221007245981288	0.07692307692307693	0.11091071771766381	-0.258943392488057
36	chr2	25029068	25029568	25029067	25029568	25029318	25029317	673	PBMC	2.69536	4.07714	0.34615384615384615	13	3	0	1	0	0.3333333333333333	0.9770484014386939	1.4609134680655347	0.8418578873137514	1.1790774107693198	-0.3333333333333333	-0.4838650666268408	-0.3372195234555684
37	chr2	25041828	25042328	25041827	25042328	25042078	25042077	673	PBMC	10.83754	6.76133	0.9615384615384616	13	3	11	3	0.8461538461538461	1	15.995572166912899	26.133121265543355	13.506137386291565	19.806351939599196	-0.15384615384615385	-10.137549098630457	-6.300214553307631
38	chr2	25042773	25043273	25042772	25043273	25043023	25043022	260	AML	2.46616	4.25894	0	13	3	1	0	0.07692307692307693	0	4.422123343644742	4.229236499991959	4.760328867716228	3.989741975437857	0.07692307692307693	0.19288684365278286	0.770586892278371
39	chr2	25054800	25055300	25054799	25055300	25055050	25055049	673	PBMC	2.3002	4.02493	0.15384615384615385	13	3	0	1	0	0.3333333333333333	1.3471595752482661	1.152803117564259	1.608145679780347	0.82279964835343955	-0.3333333333333333	0.1943564576840071	0.7853460314269075
40	chr2	25056544	25057044	25056543	25057044	25056794	25056793	1360	AML	2.1995	4.18408	0.1724137931034483	13	3	1	0	0.07692307692307693	0	1.4219435443897208	0.9691066646766282	1.1957442960339393	0.8953997917517931	0.07692307692307693	0.4528368797130926	0.3003445042821462
41	chr2	25062584	25063084	25062583	25063084	25062834	25062833	027	AML	2.1039	4.184	0.3571428571428571	13	3	1	0	0.07692307692307693	0	1.2517988463068968	0.9905740832854174	1.3775870328891777	0.8348994993877982	0.07692307692307693	0.26122476302147934	0.5426875335013795
42	chr2	25065395	25065895	25065394	25065895	25065645	25065644	103	PBMC	2.80719	4.41217	0.303030303030303	13	3	0	2	0	0.6666666666666666	1.5155889913817255	1.7346781953842103	1.2754857966048037	1.9844008817406233	-0.6666666666666666	-0.21908920400248477	-0.7089150851358197
43	chr2	25065999	25066499	25065998	25066499	25066249	25066248	103	PBMC	2.80719	4.41217	0.2727272727272727	13	3	0	2	0	0.6666666666666666	1.0618018325565233	2.2987651279269263	0.9631567324944836	1.823066867040303	-0.6666666666666666	-1.236963295370403	-0.8599101345458193
44	chr2	25088217	25088717	25088216	25088717	25088467	25088466	673	PBMC	6.9965	5.8076	0.8974358974358975	13	3	0	1	0	0.3333333333333333	1.0145489943479586	2.5006731111291085	0.48171255640878885	2.1793445747293636	-0.3333333333333333	-1.4861241167811499	-1.6976320183205749
45	chr2	25088733	25089233	25088732	25089233	25088983	25088982	673	PBMC	2.54103	3.81494	0.3205128205128205	13	3	0	1	0	0.3333333333333333	1.8336720747935247	2.893365910587831	1.5069047076973372	2.5869197245843396	-0.3333333333333333	-1.0596938357943064	-1.0800150168870024
46	chr2	25091209	25091709	25091208	25091709	25091459	25091458	673	PBMC	2.3907	3.70246	0.28205128205128205	13	3	0	1	0	0.3333333333333333	1.4935486311189923	2.626536335218611	1.624233951587639	2.3135063890925425	-0.3333333333333333	-1.1329877040996186	-0.6892724375049035
47	chr2	25096342	25096842	25096341	25096842	25096592	25096591	673	PBMC	2.9573	4.12851	0.46153846153846156	13	3	0	1	0	0.3333333333333333	1.243618914979624	2.2224191359020598	1.0014441660540307	0.5781109173616725	-0.3333333333333333	-0.9788002209224358	0.4233332486923582
48	chr2	25109991	25110491	25109990	25110491	25110241	25110240	673	PBMC	2.85881	3.90472	0.42307692307692313	13	3	0	1	0	0.3333333333333333	1.2508169902774864	2.7168165763377825	1.1632967080898629	1.6993764331954682	-0.3333333333333333	-1.4659995860602961	-0.5360797251056053
49	chr2	25123717	25124217	25123716	25124217	25123967	25123966	546	AML	2.99605	4.46361	0.11111111111111116	13	3	1	0	0.07692307692307693	0	2.0397259471201594	1.8235285167129374	1.4306657909157272	1.29873320989742	0.07692307692307693	0.21619743040722206	0.13193258101830718
50	chr2	25127800	25128300	25127799	25128300	25128050	25128049	673	PBMC	7.19816	5.51444	0.9102564102564102	13	3	0	1	0	0.3333333333333333	1.562951339310661	2.770861296120756	1.2930609090123586	1.7504656683661028	-0.3333333333333333	-1.2079099568100948	-0.45740475935374425
51	chr2	25129102	25129602	25129101	25129602	25129352	25129351	576	PBMC	8.99978	7.82703	0.7105263157894737	13	3	3	2	0.23076923076923078	0.6666666666666666	2.903743072513719	3.9381928804788444	2.026398140037369	3.025000390416372	-0.43589743589743585	-1.0344498079651254	-0.9986022503790029
52	chr2	25132218	25132718	25132217	25132718	25132468	25132467	566	AML	2.4501	4.02916	0.40625	13	3	1	0	0.07692307692307693	0	2.376990485791693	2.537826929977554	1.9564257876839704	2.511423194955685	0.07692307692307693	-0.16083644418586118	-0.5549974072717148
53	chr2	25139583	25140083	25139582	25140083	25139833	25139832	103	PBMC	2.51816	4.06908	0.12121212121212122	13	3	0	1	0	0.3333333333333333	0.8698874824555554	2.791745027858102	0.7252225666464922	2.8413373607837276	-0.3333333333333333	-1.9218575454025468	-2.1161147941372356
54	chr2	25143816	25144316	25143815	25144316	25144066	25144065	673	PBMC	2.3002	3.62235	0	13	3	0	1	0	0.3333333333333333	1.3569602765887632	2.4451623365867956	1.712312810197324	1.9037337174672566	-0.3333333333333333	-1.0882020599980324	-0.19142090726993266
55	chr2	25144613	25145113	25144612	25145113	25144863	25144862	1360	AML	2.86968	4.58558	0.5517241379310345	13	3	1	0	0.07692307692307693	0	1.1835708276807813	2.2216109141300935	1.0101233266308873	2.725190257597826	0.07692307692307693	-1.0380400864493122	-1.7150669309669389
56	chr2	25146432	25146932	25146431	25146932	25146682	25146681	673	PBMC	4.50567	4.77083	0.8076923076923077	13	3	0	2	0	0.6666666666666666	1.610069695639936	3.4928343129094572	1.3584294090727846	1.485611089332375	-0.6666666666666666	-1.8827646172695212	-0.12718168025959042
57	chr2	25151954	25152454	25151953	25152454	25152204	25152203	566	AML	3.82429	4.74903	0.78125	13	3	2	0	0.15384615384615385	0	2.422423043449445	2.683572110143092	2.077072645137886	1.7181993775263043	0.15384615384615385	-0.2611490666936467	0.3588732676115818
58	chr2	25154714	25155214	25154713	25155214	25154964	25154963	673	PBMC	2.74181	3.55159	0.3717948717948718	13	3	0	1	0	0.3333333333333333	1.5743385466053321	2.5833254950251168	1.9728418174618019	1.375365183976834	-0.3333333333333333	-1.0089869484197846	0.5974766334849679
59	chr2	25157127	25157627	25157126	25157627	25157377	25157376	103	PBMC	2.98177	4.12851	0.33333333333333337	13	3	0	1	0	0.3333333333333333	1.6002144300679577	2.6037222524523655	1.6600111225645937	1.9158333011729989	-0.3333333333333333	-1.0035078223844078	-0.25582217860840517
60	chr2	25161433	25161933	25161432	25161933	25161683	25161682	576	PBMC	3.94505	5.07389	0.5	13	3	1	3	0.07692307692307693	1	2.4356135349201935	5.869055577856813	1.475694082454293	6.540913126901714	-0.9230769230769231	-3.43344204293662	-5.065219044447421
61	chr2	25165900	25166400	25165899	25166400	25166150	25166149	990	AML	4.9532	5.32481	0.38235294117647056	13	3	1	1	0.07692307692307693	0.3333333333333333	2.8676248213378366	3.22663043216317	2.7364387997610127	3.1096997886836646	-0.2564102564102564	-0.3590056108253332	-0.3732609889226519
62	chr2	25168063	25168563	25168062	25168563	25168313	25168312	566	AML	3.13587	4.74023	0.65625	13	3	1	0	0.07692307692307693	0	2.6522883189432855	1.7990179954967893	2.1714834405514534	1.7335383116366145	0.07692307692307693	0.8532703234464962	0.43794512891483883
63	chr2	25168672	25169172	25168671	25169172	25168922	25168921	673	PBMC	2.70097	3.93447	0.3589743589743589	13	3	1	1	0.07692307692307693	0.3333333333333333	1.7928667076168825	2.378881798612223	1.7378639032740792	1.8620546642177833	-0.2564102564102564	-0.5860150909953403	-0.12419076094370407
64	chr2	25176549	25177049	25176548	25177049	25176799	25176798	673	PBMC	2.82355	4.17659	0.41025641025641024	13	3	1	1	0.07692307692307693	0.3333333333333333	1.3777077036227532	1.5574166823131437	1.3699664519932455	1.542336146036784	-0.2564102564102564	-0.1797089786903905	-0.1723696940435384
65	chr2	25178275	25178775	25178274	25178775	25178525	25178524	673	PBMC	4.00948	4.79272	0.7692307692307692	13	3	1	2	0.07692307692307693	0.6666666666666666	1.559395407415033	2.685936935171634	1.0597676240993354	1.868777271516309	-0.5897435897435896	-1.1265415277566009	-0.8090096474169735
66	chr2	25196349	25196849	25196348	25196849	25196599	25196598	673	PBMC	6.79058	6.11571	0.8846153846153846	13	3	3	2	0.23076923076923078	0.6666666666666666	2.6401351319467823	2.466682648666684	2.5477160084509327	2.8972767047777386	-0.43589743589743585	0.17345248328009832	-0.34956069632680586
67	chr2	25201775	25202275	25201774	25202275	25202025	25202024	673	PBMC	6.35161	6.0311	0.8717948717948718	13	3	2	1	0.15384615384615385	0.3333333333333333	2.046033701789776	3.0962579401825874	1.6684100670728854	2.61628820201356	-0.17948717948717946	-1.0502242383928113	-0.9478781349406746
68	chr2	25206988	25207488	25206987	25207488	25207238	25207237	673	PBMC	5.15123	5.41306	0.858974358974359	13	3	2	1	0.15384615384615385	0.3333333333333333	2.6201635610118323	3.1812544702611123	3.0574763806280263	3.3686049346200484	-0.17948717948717946	-0.56109090924928	-0.3111285539920221
69	chr2	25213061	25213561	25213060	25213561	25213311	25213310	270	AML	2.59373	4.50219	0.4	13	3	1	0	0.07692307692307693	0	1.995488849905949	3.225595851065077	1.1700794756293535	3.3638002332337127	0.07692307692307693	-1.2301070011591277	-2.193720757604359
70	chr2	25214994	25215494	25214993	25215494	25215244	25215243	566	AML	4.50321	5.25337	0.84375	13	3	2	0	0.15384615384615385	0	3.1544756779889624	4.397647196661213	2.5982115056938277	3.3966468646378813	0.15384615384615385	-1.2431715186722503	-0.7984353589440536
71	chr2	25215851	25216351	25215850	25216351	25216101	25216100	990	AML	28.05905	13.53008	0.9117647058823529	13	3	3	3	0.23076923076923078	1	6.036638947615293	9.303892847068772	3.8220987391329095	5.855507854454056	-0.7692307692307692	-3.267253899453479	-2.0334091153211467
72	chr2	25227020	25227520	25227019	25227520	25227270	25227269	027	AML	2.44072	4.43965	0.6428571428571428	13	3	1	1	0.07692307692307693	0.3333333333333333	2.001666934464945	2.0757948519861547	1.4305620659849125	1.923898781963927	-0.2564102564102564	-0.07412791752120951	-0.4933367159790145
73	chr2	25228758	25229258	25228757	25229258	25229008	25229007	472	AML	2.55272	4.78583	0.1428571428571429	13	3	1	0	0.07692307692307693	0	2.8940287627475376	2.7897701201562635	2.974009516710293	2.3231999234049145	0.07692307692307693	0.10425864259127415	0.6508095933053784
74	chr2	25230654	25231154	25230653	25231154	25230904	25230903	566	AML	2.08066	3.73921	0.15625	13	3	1	0	0.07692307692307693	0	1.902978783229996	3.0675200599079044	1.6687161363289504	2.1662831839449153	0.07692307692307693	-1.1645412766779084	-0.4975670476159648
75	chr2	25231524	25232024	25231523	25232024	25231774	25231773	773	AML	2.44485	4.17246	0	13	3	1	0	0.07692307692307693	0	1.896998568227649	2.2374038265612786	1.033337243778739	2.3135063938513962	0.07692307692307693	-0.34040525833362967	-1.2801691500726573
76	chr2	25250802	25251302	25250801	25251302	25251052	25251051	773	AML	3.27879	4.60052	0.30000000000000004	13	3	1	0	0.07692307692307693	0	3.536798916250335	4.448546908334819	2.132608035367406	3.595045196795892	0.07692307692307693	-0.9117479920844844	-1.4624371614284857
77	chr2	25251513	25252013	25251512	25252013	25251763	25251762	018	AML	4.38849	5.2691	0.6	13	3	4	1	0.3076923076923077	0.3333333333333333	6.083983230440733	5.414342916257684	4.657898561683243	5.398186293428767	-0.025641025641025605	0.6696403141830487	-0.7402877317455241
78	chr2	25252153	25252653	25252152	25252653	25252403	25252402	990	AML	15.4982	9.05405	0.8235294117647058	13	3	4	2	0.3076923076923077	0.6666666666666666	6.098485257152257	7.589581272123024	4.718438732409906	6.3713244469817765	-0.3589743589743589	-1.4910960149707666	-1.6528857145718705
79	chr2	25263093	25263593	25263092	25263593	25263343	25263342	270	AML	2.56555	4.42053	0.19999999999999996	13	3	1	0	0.07692307692307693	0	1.2753942676830015	1.8833084786961416	0.7351121678799688	1.8718360122330413	0.07692307692307693	-0.6079142110131401	-1.1367238443530725
80	chr2	25267691	25268191	25267690	25268191	25267941	25267940	673	PBMC	4.15255	4.89257	0.7948717948717949	13	3	0	1	0	0.3333333333333333	1.0555359651722813	2.641036315116578	0.9712724271648658	2.6512448171417633	-0.3333333333333333	-1.5855003499442966	-1.6799723899768975
81	chr2	25273323	25273823	25273322	25273823	25273573	25273572	773	AML	5.68996	5.76812	0.5333333333333333	13	3	1	1	0.07692307692307693	0.3333333333333333	3.1078793803393228	6.3057965291633025	2.7421809389681635	5.020153432549117	-0.2564102564102564	-3.1979171488239797	-2.2779724935809536
82	chr2	25275188	25275688	25275187	25275688	25275438	25275437	018	AML	3.32086	4.58993	0.4	13	3	2	0	0.15384615384615385	0	4.453232557455479	4.465583809200954	4.259040305238522	3.254678980319086	0.15384615384615385	-0.012351251745474912	1.004361324919436
83	chr2	25276643	25277143	25276642	25277143	25276893	25276892	576	PBMC	5.33006	5.07375	0.5789473684210527	13	3	3	2	0.23076923076923078	0.6666666666666666	4.87168296535096	9.970842869378533	3.175662203939137	6.577023251089983	-0.43589743589743585	-5.099159904027573	-3.401361047150846
84	chr2	25277156	25277656	25277155	25277656	25277406	25277405	773	AML	5.28693	5.49803	0.4666666666666667	13	3	5	2	0.38461538461538464	0.6666666666666666	5.761358298099336	7.648162712673307	4.348431888454688	5.727334859128484	-0.282051282051282	-1.8868044145739713	-1.3789029706737956
85	chr2	25279254	25279754	25279253	25279754	25279504	25279503	673	PBMC	2.54635	3.54755	0.33333333333333337	13	3	2	1	0.15384615384615385	0.3333333333333333	3.6882855938671737	3.298805022667982	2.9626360275074393	3.632624067470223	-0.17948717948717946	0.38948057119919177	-0.6699880399627838
86	chr2	25285846	25286346	25285845	25286346	25286096	25286095	576	PBMC	9.17042	7.74317	0.736842105263158	13	3	0	3	0	1	2.8036634838381582	9.585600118833785	2.6437614711220867	6.801547096161071	-1	-6.781936634995627	-4.157785625038985
87	chr2	25290937	25291437	25290936	25291437	25291187	25291186	546	AML	2.53717	3.55051	0	13	3	1	0	0.07692307692307693	0	3.1856953335232987	3.066310589819532	2.213540680632144	2.8757667791343735	0.07692307692307693	0.11938474370376673	-0.6622260985022295
88	chr2	25294450	25294950	25294449	25294950	25294700	25294699	1360	AML	4.27856	5.17842	0.7931034482758621	13	3	5	2	0.38461538461538464	0.6666666666666666	6.51632536616209	5.5455839832227225	4.63969573336923	5.714950305497099	-0.282051282051282	0.9707413829393676	-1.0752545721278688
89	chr2	25295050	25295550	25295049	25295550	25295300	25295299	103	PBMC	13.59463	7.75419	0.8181818181818181	13	3	5	3	0.38461538461538464	1	6.500887132104633	11.889481252301001	4.3517276284223545	12.78566650668542	-0.6153846153846154	-5.388594120196369	-8.433938878263065
90	chr2	25301382	25301882	25301381	25301882	25301632	25301631	546	AML	6.64422	6.11995	0.5	13	3	2	2	0.15384615384615385	0.6666666666666666	3.9529913443492593	4.82990313785836	4.303566660947666	4.1094749680536236	-0.5128205128205128	-0.8769117935091009	0.19409169289404282
91	chr2	25309302	25309802	25309301	25309802	25309552	25309551	990	AML	3.4328	4.58342	0.17647058823529416	13	3	1	0	0.07692307692307693	0	2.1562213084856228	2.750914326486632	1.7916746482163846	2.6640367460346033	0.07692307692307693	-0.594693018001009	-0.8723620978182187
92	chr2	25314370	25314870	25314369	25314870	25314620	25314619	576	PBMC	7.37497	6.79309	0.6578947368421053	13	3	0	1	0	0.3333333333333333	2.0468153964534217	6.177444680246289	1.3702877210285849	4.524900478279282	-0.3333333333333333	-4.130629283792867	-3.154612757250697
93	chr2	25314884	25315384	25314883	25315384	25315134	25315133	546	AML	2.87069	4.31476	0.02777777777777779	13	3	1	0	0.07692307692307693	0	2.9186123168799765	3.15484336091928	2.8069578325915003	3.3020046504433758	0.07692307692307693	-0.2362310440393034	-0.49504681785187543
94	chr2	25323531	25324031	25323530	25324031	25323781	25323780	1360	AML	2.2127	4.1201	0.3448275862068966	13	3	1	0	0.07692307692307693	0	1.056084299058239	1.7991835202127002	0.8482445890080191	1.5493479355604587	0.07692307692307693	-0.7430992211544611	-0.7011033465524396
95	chr2	25342345	25342845	25342344	25342845	25342595	25342594	673	PBMC	15.43109	7.38552	0.9743589743589743	13	3	9	3	0.6923076923076923	1	9.985832490222567	14.019445802875147	9.657850244563972	11.689946693336655	-0.3076923076923077	-4.03361331265258	-2.0320964487726823
96	chr2	25347147	25347647	25347146	25347647	25347397	25347396	673	PBMC	2.34384	3.80532	0.23076923076923073	13	3	1	1	0.07692307692307693	0.3333333333333333	1.783493422480858	2.005128939311979	1.269138362355337	1.855332173273235	-0.2564102564102564	-0.22163551683112082	-0.5861938109178981
97	chr2	25349116	25349616	25349115	25349616	25349366	25349365	673	PBMC	2.3002	4.02493	0.14102564102564108	13	3	0	1	0	0.3333333333333333	0.9384166257970439	1.249571143510099	0.41688632060905656	0.7367545497155713	-0.3333333333333333	-0.311154517713055	-0.31986822910651475
98	chr2	25354742	25355242	25354741	25355242	25354992	25354991	673	PBMC	3.34783	4.45831	0.5769230769230769	13	3	0	1	0	0.3333333333333333	1.384028435522156	1.9822256733636736	1.5294202280615619	1.577032408433522	-0.3333333333333333	-0.5981972378415177	-0.047612180371960244
99	chr2	25361835	25362335	25361834	25362335	25362085	25362084	673	PBMC	10.4795	7.03376	0.9487179487179487	13	3	12	3	0.9230769230769231	1	10.726874344052028	14.242627214766786	7.283167820014877	8.172873866296339	-0.07692307692307687	-3.515752870714758	-0.8897060462814617
100	chr2	25362624	25363124	25362623	25363124	25362874	25362873	576	PBMC	12.67561	8.53396	0.7894736842105263	13	3	6	3	0.46153846153846156	1	7.126200714712408	8.416528788869252	5.393678942126428	8.266991351654905	-0.5384615384615384	-1.290328074156844	-2.873312409528477
101	chr2	25373341	25373841	25373340	25373841	25373591	25373590	673	PBMC	3.37231	3.72761	0.6025641025641026	13	3	0	1	0	0.3333333333333333	2.1018050268610446	3.5445894840472714	2.2514001537939747	1.7692893339012434	-0.3333333333333333	-1.4427844571862267	0.4821108198927313
102	chr2	25375736	25376236	25375735	25376236	25375986	25375985	566	AML	3.25111	4.33304	0.6875	13	3	2	0	0.15384615384615385	0	3.4162584219443053	2.23443727420317	2.2562153325109424	2.3917651495295846	0.15384615384615385	1.1818211477411351	-0.13554981701864222
103	chr2	25376796	25377296	25376795	25377296	25377046	25377045	1360	AML	9.75547	7.03469	0.9310344827586207	13	3	10	3	0.7692307692307693	1	9.873427661776121	13.254076601898996	5.433089262473131	12.965822495862158	-0.23076923076923073	-3.3806489401228745	-7.532733233389027
104	chr2	25387079	25387579	25387078	25387579	25387329	25387328	673	PBMC	3.89125	4.71032	0.7435897435897436	13	3	0	1	0	0.3333333333333333	1.85653831787452	2.9918826552763513	1.4655421853303434	1.9561655835477179	-0.3333333333333333	-1.1353443374018313	-0.49062339821737444
105	chr2	25398383	25398883	25398382	25398883	25398633	25398632	103	PBMC	2.44731	4.13565	0.09090909090909094	13	3	0	1	0	0.3333333333333333	1.189259010508517	2.5058649334999537	0.7500188450613422	3.164821804640536	-0.3333333333333333	-1.3166059229914366	-2.4148029595791938
106	chr2	25400205	25400705	25400204	25400705	25400455	25400454	673	PBMC	4.06481	5.00637	0.782051282051282	13	3	0	1	0	0.3333333333333333	1.1617525552945553	2.337175135206399	1.2819498084976289	1.458208719889323	-0.3333333333333333	-1.1754225799118438	-0.17625891139169414
107	chr2	25403271	25403771	25403270	25403771	25403521	25403520	103	PBMC	2.65018	4.28105	0.18181818181818177	13	3	0	2	0	0.6666666666666666	1.3301929923478824	2.3539199548725755	1.0219030085200083	2.6498997436312144	-0.6666666666666666	-1.0237269625246932	-1.6279967351112061
108	chr2	25404161	25404661	25404160	25404661	25404411	25404410	673	PBMC	2.50654	4.06908	0.2948717948717948	13	3	0	1	0	0.3333333333333333	1.2720127323705004	1.4644238858403797	1.2719796374886336	1.156752109527588	-0.3333333333333333	-0.19241115346987936	0.11522752796104574
109	chr2	25419567	25420067	25419566	25420067	25419817	25419816	103	PBMC	3.85661	4.89261	0.5454545454545454	13	3	0	1	0	0.3333333333333333	1.5159843889191351	2.379241440308863	1.1855052790479983	2.5611657883354764	-0.3333333333333333	-0.863257051389728	-1.375660509287478
110	chr2	25421178	25421678	25421177	25421678	25421428	25421427	673	PBMC	3.36406	4.62813	0.5897435897435898	13	3	0	1	0	0.3333333333333333	1.319592300911717	1.3866735594873816	1.0977235511391463	1.208654665542458	-0.3333333333333333	-0.0670812585756646	-0.1109311144033116
111	chr2	25432402	25432902	25432401	25432902	25432652	25432651	566	AML	2.9053	4.79461	0.59375	13	3	1	1	0.07692307692307693	0.3333333333333333	1.1045575530119394	1.6515221174605592	0.9592711325891004	1.438555022675596	-0.2564102564102564	-0.54696456444861985	-0.47928389008649575
112	chr2	25447716	25448216	25447715	25448216	25447966	25447965	673	PBMC	2.3002	4.02493	0.1282051282051282	13	3	0	1	0	0.3333333333333333	1.5412666994215212	1.1695179741777584	1.097059464026354	0.7536415259043375	-0.3333333333333333	0.3717487252437628	0.3434179381220165
113	chr2	25463537	25464037	25463536	25464037	25463787	25463786	1360	AML	2.1995	4.18408	0.13793103448275867	13	3	1	0	0.07692307692307693	0	0.99687662839194	1.240425634606235	0.7108686836417801	1.4277991444288851	0.07692307692307693	-0.24354900621429498	-0.716930460787105
114	chr2	25473330	25473830	25473329	25473830	25473580	25473579	673	PBMC	2.3002	4.02493	0.11538461538461542	13	3	0	1	0	0.3333333333333333	0.787942077383987	1.6404788594839181	0.6388916274506651	1.2530211512438076	-0.3333333333333333	-0.8525367820999311	-0.6141295237931426
115	chr2	25478711	25479211	25478710	25479211	25478961	25478960	673	PBMC	3.04055	4.52805	0.5384615384615384	13	3	0	1	0	0.3333333333333333	0.8026637931985092	1.9208684056422272	0.827969448295182	1.5756885115495938	-0.3333333333333333	-1.118204612443718	-0.7477190632544117
116	chr2	25483481	25483981	25483480	25483981	25483731	25483730	546	AML	6.26262	6.34236	0.4722222222222222	13	3	3	0	0.23076923076923078	0	2.826408238797515	1.1399524018356821	2.1609998739170218	0.6318876617207023	0.23076923076923078	1.6864558369618328	1.5291122121963194
117	chr2	25495556	25496056	25495555	25496056	25495806	25495805	1360	AML	2.1995	4.1694	0	13	3	1	0	0.07692307692307693	0	1.0944836652353944	0.15860438148577213	1.0963253065973462	0	0.07692307692307693	0.9358792837496223	1.0963253065973462
118	chr2	25507203	25507703	25507202	25507703	25507453	25507452	673	PBMC	2.3002	4.02493	0.08974358974358976	13	3	0	1	0	0.3333333333333333	0.8048832127342535	1.3170506809841214	0.7252227665183549	0.771168073018392	-0.3333333333333333	-0.5121674682498679	-0.04594530650003703
119	chr2	25517716	25518216	25517715	25518216	25517966	25517965	270	AML	2.56555	4.42053	0.1333333333333333	13	3	1	0	0.07692307692307693	0	0.9726382172933175	0.7632821367648309	0.9897958232971009	0.747510264257709	0.07692307692307693	0.20935608052848653	0.24228555903939197
120	chr2	25518591	25519091	25518590	25519091	25518841	25518840	673	PBMC	3.04055	4.52805	0.5256410256410257	13	3	0	1	0	0.3333333333333333	0.85427449779285	1.679869358371435	0.8418578873137514	1.8432329454107912	-0.3333333333333333	-0.825594860578585	-1.0013750580970397
121	chr2	25522027	25522527	25522026	25522527	25522277	25522276	546	AML	9.96727	8.05848	0.7222222222222222	13	3	4	3	0.3076923076923077	1	4.177520046636071	3.031559481473264	2.2817499385384505	3.0774330013764355	-0.6923076923076923	1.1459605651628073	-0.795683062837985
122	chr2	25524545	25525045	25524544	25525045	25524795	25524794	566	AML	2.06497	4.19528	0.0625	13	3	1	0	0.07692307692307693	0	0.957703078303783	0.8836508055012462	0.8885674645562848	1.274533239667287	0.07692307692307693	0.07405227280253679	-0.3859657751110023
123	chr2	25551490	25551990	25551489	25551990	25551740	25551739	1360	AML	3.14794	4.78181	0.6206896551724138	13	3	1	0	0.07692307692307693	0	1.332906663060902	0.7395132771350508	1.5445466955264886	0.7100743412257668	0.07692307692307693	0.5933933859258513	0.8344723543007218
124	chr2	25557203	25557703	25557202	25557703	25557453	25557452	673	PBMC	3.87427	5.03116	0.717948717948718	13	3	0	1	0	0.3333333333333333	1.6811804514262199	2.2638425754057274	1.262787630458078	2.688285835250885	-0.3333333333333333	-0.5826621239795076	-1.4254982047928069
125	chr2	25558232	25558732	25558231	25558732	25558482	25558481	546	AML	20.47531	10.87876	0.8888888888888888	13	3	7	1	0.5384615384615384	0.3333333333333333	6.417612881278289	3.204254059456859	4.338590709035268	1.1037878063386548	0.20512820512820512	3.2133588218214295	3.2348029026966127
126	chr2	25566665	25567165	25566664	25567165	25566915	25566914	027	AML	3.09886	4.88133	1	13	3	3	1	0.23076923076923078	0.3333333333333333	3.3222507730014272	2.320781983618568	2.8831538402153822	1.5180178973489178	-0.10256410256410253	1.001468789382859	1.3651359428664644
127	chr2	25567378	25567878	25567377	25567878	25567628	25567627	1360	AML	3.62183	5.01197	0.7241379310344828	13	3	5	1	0.38461538461538464	0.3333333333333333	3.4559467751072352	2.2730496372291427	2.4078953194760992	1.5582105689895842	0.05128205128205132	1.1828971378780926	0.849684750486515
128	chr2	25568822	25569322	25568821	25569322	25569072	25569071	673	PBMC	2.87354	4.35667	0.4358974358974359	13	3	0	1	0	0.3333333333333333	1.1244186908075304	1.1689777795426146	0.5298838120496677	0.6318879125123015	-0.3333333333333333	-0.044559088735084185	-0.10200410046263375
129	chr2	25587179	25587679	25587178	25587679	25587429	25587428	027	AML	2.1039	4.184	0.2857142857142857	13	3	2	1	0.15384615384615385	0.3333333333333333	1.8136723315351555	1.6033473238497675	1.8215319068132045	1.5423381257199955	-0.17948717948717946	0.21032500768538798	0.279193781093209
130	chr2	25615873	25616373	25615872	25616373	25616123	25616122	472	AML	2.69452	4.89271	0.5714285714285714	13	3	1	0	0.07692307692307693	0	1.047019967025424	1.0941909703110666	0.5707704759167578	0.8308496132582247	0.07692307692307693	-0.0471710032856425	-0.2600791373414669
131	chr2	25639834	25640334	25639833	25640334	25640084	25640083	673	PBMC	3.87427	5.03116	0.7051282051282051	13	3	0	1	0	0.3333333333333333	1.132760393533512	2.1424207348706164	1.2555614198277334	1.6442541179066885	-0.3333333333333333	-1.0096603413371044	-0.3886926980789551
132	chr2	25643017	25643517	25643016	25643517	25643267	25643266	673	PBMC	2.3002	4.02493	0.05128205128205132	13	3	0	1	0	0.3333333333333333	1.0649939279813985	1.5949546426276882	1.1222261759097467	1.542336146036784	-0.3333333333333333	-0.5299607146462897	-0.4201099701270372
133	chr2	25655500	25656000	25655499	25656000	25655750	25655749	673	PBMC	3.87427	5.03116	0.6923076923076923	13	3	0	1	0	0.3333333333333333	0.8037031069889827	1.5267776900422787	0.6402800145025501	0.9411108803130434	-0.3333333333333333	-0.723074583053296	-0.30083086581049323
134	chr2	25664641	25665141	25664640	25665141	25664891	25664890	673	PBMC	4.7868	5.53428	0.8205128205128205	13	3	2	1	0.15384615384615385	0.3333333333333333	1.9799716196063109	1.899685195423489	2.032138892276558	0.7361149787902832	-0.17948717948717946	0.08028642418282184	1.296023913486275
135	chr2	25673243	25673743	25673242	25673743	25673493	25673492	673	PBMC	9.24155	6.52337	0.9358974358974359	13	3	11	3	0.8461538461538461	1	8.858366275737861	22.30208507634288	6.619383373184356	15.617067165717394	-0.15384615384615385	-13.44371880060502	-8.997683792533039
136	chr2	25673888	25674388	25673887	25674388	25674138	25674137	773	AML	2.60698	4.23146	0.033333333333333326	13	3	5	2	0.38461538461538464	0.6666666666666666	4.233759377219793	4.409199176117014	3.4236526070478672	3.921744659275352	-0.282051282051282	-0.17543979889722117	-0.49809205222748476
137	chr2	25687485	25687985	25687484	25687985	25687735	25687734	673	PBMC	2.3002	4.02493	0.038461538461538436	13	3	0	1	0	0.3333333333333333	0.8323439112753614	1.0125481114733323	0.5083352182201759	1.0486666361490886	-0.3333333333333333	-0.1802042001979709	-0.5403314179289127
138	chr2	25690485	25690985	25690484	25690985	25690735	25690734	673	PBMC	3.04055	4.52805	0.5128205128205128	13	3	0	1	0	0.3333333333333333	1.0396293712507905	1.0703288920704557	0.9442713631841237	1.214032521147928	-0.3333333333333333	-0.030699520819665205	-0.2697611579638042
139	chr2	25700091	25700591	25700090	25700591	25700341	25700340	027	AML	2.1039	4.184	0.2142857142857143	13	3	2	1	0.15384615384615385	0.3333333333333333	2.015708372978393	1.936592833565936	1.7602483098378439	1.7907981470435441	-0.17948717948717946	0.07911553941245719	-0.03054983720570026
140	chr2	25713851	25714351	25713850	25714351	25714101	25714100	103	PBMC	3.76364	4.96369	0.5151515151515151	13	3	0	2	0	0.6666666666666666	1.000743041294027	1.6153795741354713	0.8321086889255547	2.3051385812892646	-0.6666666666666666	-0.6146365328414443	-1.47302989236371
141	chr2	25724823	25725323	25724822	25725323	25725073	25725072	673	PBMC	2.3002	4.02493	0.012820512820512775	13	3	0	1	0	0.3333333333333333	1.0779036180079486	1.5658751662699129	0.8601005167780285	1.0728670653706778	-0.3333333333333333	-0.4879715482619642	-0.21276654859264932
142	chr2	25739382	25739882	25739381	25739882	25739632	25739631	673	PBMC	3.83574	4.81443	0.6666666666666667	13	3	0	1	0	0.3333333333333333	0.9539007166646216	1.3775292489422375	0.8588842160687475	1.1683211606181787	-0.3333333333333333	-0.4236285322776159	-0.30943694454943116
143	chr2	25740991	25741491	25740990	25741491	25741241	25741240	546	AML	5.28029	5.58121	0.36111111111111116	13	3	1	0	0.07692307692307693	0	1.7772265099424858	1.1004319369436024	1.2676381493756872	0.7010618845621744	0.07692307692307693	0.6767945729988833	0.5665762648135128
144	chr2	25743060	25743560	25743059	25743560	25743310	25743309	990	AML	5.93865	5.97989	0.5294117647058824	13	3	4	0	0.3076923076923077	0	3.596664444341942	1.6055137392527568	2.769173290677175	1.5423367313758103	0.3076923076923077	1.9911507050891852	1.2268365593013648
145	chr2	25743721	25744221	25743720	25744221	25743971	25743970	566	AML	4.13362	5.50176	0.8125	13	3	2	0	0.15384615384615385	0	2.3397743707059733	1.443506362433443	2.119535248198671	1.507283051808675	0.15384615384615385	0.8962680082725303	0.6122521963899958
146	chr2	25756609	25757109	25756608	25757109	25756859	25756858	773	AML	7.33823	7.02543	0.7666666666666666	13	3	4	0	0.3076923076923077	0	2.8125633380937627	0.9623195983454614	1.6341012328446745	1.0123656503930538	0.3076923076923077	1.8502437397483011	0.6217355824516206
147	chr2	25793568	25794068	25793567	25794068	25793818	25793817	673	PBMC	3.87427	5.03116	0.6794871794871795	13	3	0	1	0	0.3333333333333333	0.7193653606588749	1.390143909060947	0.5707704759167578	1.0445824031106488	-0.3333333333333333	-0.6707785484020722	-0.473811927193891
148	chr2	25794515	25795015	25794514	25795015	25794765	25794764	576	PBMC	2.67184	4.26929	0.1578947368421053	13	3	1	1	0.07692307692307693	0.3333333333333333	1.396753006810218	2.415297359446248	1.1601666228737897	1.8418893676080152	-0.2564102564102564	-1.01854435263603	-0.6817227447342256
149	chr2	25818959	25819459	25818958	25819459	25819209	25819208	673	PBMC	3.04055	4.52805	0.5	13	3	0	1	0	0.3333333333333333	0.8839840321026144	1.3434279403207465	0.6632465252619304	1.8459219800497957	-0.3333333333333333	-0.4594439082181321	-1.1826754547878653
150	chr2	25822074	25822574	25822073	25822574	25822324	25822323	546	AML	11.41371	8.92721	0.7777777777777778	13	3	4	2	0.3076923076923077	0.6666666666666666	3.3174603278966757	3.503665835359298	2.047102041587144	2.873078535059969	-0.3589743589743589	-0.18620550746262232	-0.8259764934728246
151	chr2	25831710	25832210	25831709	25832210	25831960	25831959	1360	AML	2.86968	4.58558	0.48275862068965514	13	3	2	0	0.15384615384615385	0	1.1286894954808495	0.9351156436833872	0.8312614837330496	0.5622293206745993	0.15384615384615385	0.19357385179746234	0.26903216305845035
