locus_id	sample_id	group	n_overlapping_peaks	peak_present	covered_bp	mean_RPGC
1	018	AML	0	FALSE	501	0
1	027	AML	0	FALSE	501	0.06922580953129752
1	103	PBMC	0	FALSE	501	0
1	1360	AML	0	FALSE	501	0.24744950130790055
1	168	AML	0	FALSE	501	1.2930618703008412
1	1916	AML	0	FALSE	501	0.9734308103363433
1	260	AML	0	FALSE	501	0.5739940140775578
1	270	AML	0	FALSE	501	2.4052498383436376
1	472	AML	0	FALSE	501	0.9926142709221907
1	546	AML	0	FALSE	501	1.1415427292654377
1	566	AML	0	FALSE	501	2.237959742308139
1	576	PBMC	0	FALSE	501	0
1	629	AML	0	FALSE	501	0.9994125556565092
1	673	PBMC	1	TRUE	501	1.9907075142908002
1	773	AML	0	FALSE	501	0.9200709827407867
1	990	AML	0	FALSE	501	0.200908588554093
2	018	AML	0	FALSE	501	0
2	027	AML	0	FALSE	501	0.5175453379244623
2	103	PBMC	0	FALSE	501	0.7636435207968463
2	1360	AML	0	FALSE	501	1.3924623699245338
2	168	AML	0	FALSE	501	0.13888922042237548
2	1916	AML	0	FALSE	501	2.1670167469930743
2	260	AML	0	FALSE	501	0
2	270	AML	0	FALSE	501	1.937447732556128
2	472	AML	0	FALSE	501	0.2614001994599363
2	546	AML	0	FALSE	501	2.578848541377785
2	566	AML	1	TRUE	501	2.791110190564763
2	576	PBMC	0	FALSE	501	0
2	629	AML	0	FALSE	501	0.9994125723124978
2	673	PBMC	0	FALSE	501	0.7371450779204834
2	773	AML	0	FALSE	501	1.4162349158418392
2	990	AML	0	FALSE	501	1.3812489376334611
3	018	AML	0	FALSE	501	0
3	027	AML	0	FALSE	501	0.7252217671590413
3	103	PBMC	0	FALSE	501	2.585366392920831
3	1360	AML	0	FALSE	501	1.183254681185572
3	168	AML	0	FALSE	501	2.0291760496036737
3	1916	AML	0	FALSE	501	1.683538911823265
3	260	AML	0	FALSE	501	0
3	270	AML	0	FALSE	501	1.7387349020221277
3	472	AML	0	FALSE	501	1.4942200590750414
3	546	AML	1	TRUE	501	2.7448894887151356
3	566	AML	0	FALSE	501	0.41716708061461916
3	576	PBMC	0	FALSE	501	0
3	629	AML	0	FALSE	501	0.6359898187443168
3	673	PBMC	0	FALSE	501	0.6663445940988506
3	773	AML	0	FALSE	501	1.0597676240993354
3	990	AML	0	FALSE	501	0.27624930926187785
4	018	AML	0	FALSE	501	0
4	027	AML	0	FALSE	501	0.14504455330367097
4	103	PBMC	0	FALSE	501	1.1669769182414589
4	1360	AML	0	FALSE	501	0.3329313167792832
4	168	AML	0	FALSE	501	0.33055662775705913
4	1916	AML	0	FALSE	501	0.16619550420376594
4	260	AML	0	FALSE	501	0
4	270	AML	0	FALSE	501	0
4	472	AML	0	FALSE	501	0.3885678640620675
4	546	AML	0	FALSE	501	0.43586142810280926
4	566	AML	0	FALSE	501	1.1178264437083474
4	576	PBMC	0	FALSE	501	0
4	629	AML	0	FALSE	501	0.172625807944886
4	673	PBMC	1	TRUE	501	1.406613499580505
4	773	AML	0	FALSE	501	0.260124780460746
4	990	AML	0	FALSE	501	1.0397034847807742
5	018	AML	0	FALSE	501	0
5	027	AML	0	FALSE	501	0
5	103	PBMC	0	FALSE	501	2.1255650835598776
5	1360	AML	0	FALSE	501	1.9795892290964336
5	168	AML	0	FALSE	501	1.277783640368494
5	1916	AML	0	FALSE	501	1.0381823126189484
5	260	AML	0	FALSE	501	0.807418246469098
5	270	AML	0	FALSE	501	3.1462845830860253
5	472	AML	0	FALSE	501	1.2363522947429422
5	546	AML	0	FALSE	501	1.712314397275091
5	566	AML	0	FALSE	501	2.998542963149781
5	576	PBMC	0	FALSE	501	0.385584036509196
5	629	AML	0	FALSE	501	1.2416944056451915
5	673	PBMC	1	TRUE	501	2.5008777717868247
5	773	AML	0	FALSE	501	0
5	990	AML	0	FALSE	501	1.6575000338449688
6	018	AML	0	FALSE	501	2.3553580999850277
6	027	AML	0	FALSE	501	2.10314198263629
6	103	PBMC	0	FALSE	501	3.4646338399298893
6	1360	AML	0	FALSE	501	3.210083364964483
6	168	AML	0	FALSE	501	1.8361199963354542
6	1916	AML	0	FALSE	501	1.3684149468968252
6	260	AML	0	FALSE	501	2.847012668312667
6	270	AML	0	FALSE	501	2.9392896583694186
6	472	AML	0	FALSE	501	1.1657035921862025
6	546	AML	2	TRUE	501	8.265799864085611
6	566	AML	0	FALSE	501	2.0835375405119327
6	576	PBMC	1	TRUE	501	3.8523417942062346
6	629	AML	0	FALSE	501	2.8770967919431523
6	673	PBMC	0	FALSE	501	1.7918429453215914
6	773	AML	1	TRUE	501	8.227651791182344
6	990	AML	1	TRUE	501	4.517947135333292
7	018	AML	2	TRUE	501	21.360229313254596
7	027	AML	2	TRUE	501	4.954579675506927
7	103	PBMC	1	TRUE	501	20.03625982678579
7	1360	AML	1	TRUE	501	15.967185090877814
7	168	AML	2	TRUE	501	8.945882477446231
7	1916	AML	1	TRUE	501	9.859482249337994
7	260	AML	1	TRUE	501	13.289890498696211
7	270	AML	2	TRUE	501	17.523974037931826
7	472	AML	2	TRUE	501	8.333022648702839
7	546	AML	1	TRUE	501	34.7314417071923
7	566	AML	1	TRUE	501	15.960751227038111
7	576	PBMC	2	TRUE	501	57.56778227830837
7	629	AML	1	TRUE	501	33.5287790945666
7	673	PBMC	1	TRUE	501	9.432948737801192
7	773	AML	1	TRUE	501	61.72182436807903
7	990	AML	1	TRUE	501	46.07853067706445
8	018	AML	0	FALSE	501	2.6705741549204447
8	027	AML	1	TRUE	501	3.4942496655705924
8	103	PBMC	0	FALSE	501	2.7305671034934753
8	1360	AML	0	FALSE	501	1.9773402599517458
8	168	AML	0	FALSE	501	2.158344493892616
8	1916	AML	0	FALSE	501	1.8238338158278171
8	260	AML	0	FALSE	501	3.3674361082370172
8	270	AML	0	FALSE	501	2.198258568426806
8	472	AML	0	FALSE	501	1.1657035921862025
8	546	AML	0	FALSE	501	5.445678250280445
8	566	AML	1	TRUE	501	9.064775304166142
8	576	PBMC	2	TRUE	501	7.497868767279589
8	629	AML	0	FALSE	501	4.303531085421701
8	673	PBMC	1	TRUE	501	5.963790029584767
8	773	AML	0	FALSE	501	3.714003847982593
8	990	AML	1	TRUE	501	8.021296379333009
9	018	AML	0	FALSE	501	0.9412666114266524
9	027	AML	0	FALSE	501	2.5910176412312094
9	103	PBMC	0	FALSE	501	2.309755605613876
9	1360	AML	0	FALSE	501	1.8311211158653458
9	168	AML	0	FALSE	501	1.9888976529210864
9	1916	AML	0	FALSE	501	1.1309927842336263
9	260	AML	1	TRUE	501	4.0562297626883685
9	270	AML	0	FALSE	501	1.328889918184566
9	472	AML	0	FALSE	501	3.1615330977830105
9	546	AML	0	FALSE	501	0.8846942376709745
9	566	AML	0	FALSE	501	4.024178378358335
9	576	PBMC	0	FALSE	501	0
9	629	AML	0	FALSE	501	1.6838587415432502
9	673	PBMC	0	FALSE	501	4.423907353730497
9	773	AML	0	FALSE	501	0.5298838120496677
9	990	AML	0	FALSE	501	1.9915114802990608
10	018	AML	0	FALSE	501	0
10	027	AML	0	FALSE	501	2.356969499778367
10	103	PBMC	0	FALSE	501	0.912877003946704
10	1360	AML	0	FALSE	501	3.567758721029925
10	168	AML	0	FALSE	501	1.6500076457649886
10	1916	AML	0	FALSE	501	1.2971883091384064
10	260	AML	0	FALSE	501	0
10	270	AML	0	FALSE	501	0.8445278099197113
10	472	AML	0	FALSE	501	3.101480623919093
10	546	AML	0	FALSE	501	1.766794261580218
10	566	AML	0	FALSE	501	3.9942172615827913
10	576	PBMC	0	FALSE	501	1.3250069618225098
10	629	AML	0	FALSE	501	1.417348738915906
10	673	PBMC	1	TRUE	501	5.296401870940736
10	773	AML	0	FALSE	501	1.6089199479230625
10	990	AML	0	FALSE	501	0.7132258891107556
11	018	AML	0	FALSE	501	0
11	027	AML	0	FALSE	501	0
11	103	PBMC	0	FALSE	501	0.5122330991807812
11	1360	AML	1	TRUE	501	4.645283937930109
11	168	AML	0	FALSE	501	1.413895686943374
11	1916	AML	0	FALSE	501	0.4748442977250455
11	260	AML	0	FALSE	501	0.5854738943591089
11	270	AML	0	FALSE	501	0.9107648541113573
11	472	AML	0	FALSE	501	1.367052453720641
11	546	AML	0	FALSE	501	1.1363527218024887
11	566	AML	0	FALSE	501	2.7334914255047034
11	576	PBMC	0	FALSE	501	0.9709716466610541
11	629	AML	0	FALSE	501	0.720788461243559
11	673	PBMC	0	FALSE	501	4.129257822227097
11	773	AML	0	FALSE	501	0
11	990	AML	0	FALSE	501	1.1753174225965184
12	018	AML	0	FALSE	501	0.963156532622621
12	027	AML	0	FALSE	501	2.1756636549136834
12	103	PBMC	0	FALSE	501	1.8418889609639517
12	1360	AML	0	FALSE	501	0.8120840726022472
12	168	AML	0	FALSE	501	2.4250120469434058
12	1916	AML	0	FALSE	501	0.982064369671835
12	260	AML	0	FALSE	501	0.18750471126533555
12	270	AML	0	FALSE	501	2.276914533740746
12	472	AML	0	FALSE	501	2.462110626483392
12	546	AML	0	FALSE	501	1.997697850663267
12	566	AML	0	FALSE	501	5.132787658782776
12	576	PBMC	0	FALSE	501	0
12	629	AML	0	FALSE	501	2.29259185614938
12	673	PBMC	1	TRUE	501	8.513598134655677
12	773	AML	0	FALSE	501	1.0597676240993354
12	990	AML	0	FALSE	501	2.533967726720783
13	018	AML	0	FALSE	501	0
13	027	AML	0	FALSE	501	1.5229656110980554
13	103	PBMC	0	FALSE	501	1.215378085296311
13	1360	AML	0	FALSE	501	1.6061671998448477
13	168	AML	0	FALSE	501	0.877780398922766
13	1916	AML	0	FALSE	501	0.46189399869618064
13	260	AML	0	FALSE	501	0
13	270	AML	0	FALSE	501	0.529899731367648
13	472	AML	0	FALSE	501	1.6143236236419982
13	546	AML	0	FALSE	501	2.285678903737706
13	566	AML	0	FALSE	501	2.152681573422369
13	576	PBMC	0	FALSE	501	0
13	629	AML	0	FALSE	501	0.3331375241041659
13	673	PBMC	1	TRUE	501	4.323955253688637
13	773	AML	0	FALSE	501	0
13	990	AML	0	FALSE	501	2.2828300120587834
14	018	AML	0	FALSE	501	0.4815782663113105
14	027	AML	0	FALSE	501	1.7932746719695374
14	103	PBMC	1	TRUE	501	2.5504113364362433
14	1360	AML	0	FALSE	501	0.832326745320699
14	168	AML	0	FALSE	501	0.5847244928934855
14	1916	AML	0	FALSE	501	2.985044004912386
14	260	AML	0	FALSE	501	0.807418246469098
14	270	AML	0	FALSE	501	0.7037728418133216
14	472	AML	0	FALSE	501	3.2569077576467853
14	546	AML	0	FALSE	501	1.375038754678296
14	566	AML	1	TRUE	501	6.925921581938357
14	576	PBMC	0	FALSE	501	0
14	629	AML	0	FALSE	501	0
14	673	PBMC	0	FALSE	501	4.800808477306556
14	773	AML	0	FALSE	501	0.9730593639457535
14	990	AML	0	FALSE	501	1.5846716722328507
15	018	AML	0	FALSE	501	0
15	027	AML	0	FALSE	501	0.6230310108847247
15	103	PBMC	0	FALSE	501	1.0795888382041763
15	1360	AML	0	FALSE	501	2.2922744103772437
15	168	AML	0	FALSE	501	1.7263967957563267
15	1916	AML	0	FALSE	501	1.5238185262013815
15	260	AML	0	FALSE	501	0
15	270	AML	0	FALSE	501	1.8877696105819977
15	472	AML	0	FALSE	501	1.4341686619018128
15	546	AML	0	FALSE	501	2.851261201732887
15	566	AML	1	TRUE	501	7.391484949165237
15	576	PBMC	0	FALSE	501	0.9569494724273682
15	629	AML	0	FALSE	501	1.6747731846011804
15	673	PBMC	0	FALSE	501	5.177710109604095
15	773	AML	0	FALSE	501	0.8718997270999078
15	990	AML	0	FALSE	501	0.582636325897095
16	018	AML	0	FALSE	501	0.8493299417628976
16	027	AML	0	FALSE	501	4.232655887832185
16	103	PBMC	1	TRUE	501	3.447155259564489
16	1360	AML	0	FALSE	501	0.9605521744120858
16	168	AML	0	FALSE	501	2.2388991291175584
16	1916	AML	0	FALSE	501	2.246876928382767
16	260	AML	0	FALSE	501	2.3648575365900277
16	270	AML	0	FALSE	501	1.8215329061725183
16	472	AML	0	FALSE	501	0.777135728124135
16	546	AML	1	TRUE	501	3.7048230161685907
16	566	AML	0	FALSE	501	5.99478027206695
16	576	PBMC	0	FALSE	501	3.203856195994242
16	629	AML	0	FALSE	501	0.9994125723124978
16	673	PBMC	1	TRUE	501	4.381219138166386
16	773	AML	1	TRUE	501	5.4818902719996405
16	990	AML	1	TRUE	501	5.9017049666650285
17	018	AML	0	FALSE	501	0
17	027	AML	0	FALSE	501	1.8196473683187824
17	103	PBMC	0	FALSE	501	1.8082778087395155
17	1360	AML	0	FALSE	501	0.2991889424904616
17	168	AML	0	FALSE	501	0.922226803983281
17	1916	AML	0	FALSE	501	1.0705580649499646
17	260	AML	0	FALSE	501	0.738538964779791
17	270	AML	0	FALSE	501	1.8049714065597442
17	472	AML	0	FALSE	501	1.9393073394151028
17	546	AML	0	FALSE	501	0.8561557138751367
17	566	AML	0	FALSE	501	1.0901668823645738
17	576	PBMC	0	FALSE	501	0.385584036509196
17	629	AML	0	FALSE	501	0.7541022081812937
17	673	PBMC	1	TRUE	501	7.4786821610913305
17	773	AML	0	FALSE	501	1.9172159745069797
17	990	AML	0	FALSE	501	0.5524990182674812
18	018	AML	0	FALSE	501	2.4691869246507596
18	027	AML	0	FALSE	501	0.7318147014001173
18	103	PBMC	0	FALSE	501	2.8071997777192657
18	1360	AML	0	FALSE	501	2.274278211260508
18	168	AML	0	FALSE	501	1.3694502802904018
18	1916	AML	0	FALSE	501	1.0770332025672624
18	260	AML	0	FALSE	501	3.367433547973633
18	270	AML	0	FALSE	501	0.9604437365503369
18	472	AML	0	FALSE	501	2.246629373280112
18	546	AML	0	FALSE	501	2.9628220042306745
18	566	AML	0	FALSE	501	5.554566430950355
18	576	PBMC	1	TRUE	501	6.849386795790133
18	629	AML	0	FALSE	501	0.6662750482083318
18	673	PBMC	0	FALSE	501	4.110515934740474
18	773	AML	0	FALSE	501	5.260302024925064
18	990	AML	0	FALSE	501	2.5691263856526145
19	018	AML	1	TRUE	501	6.440033932169992
19	027	AML	0	FALSE	501	4.50296438715891
19	103	PBMC	1	TRUE	501	3.9540108025906804
19	1360	AML	0	FALSE	501	1.9323498595974402
19	168	AML	0	FALSE	501	2.6180669266782597
19	1916	AML	0	FALSE	501	1.1309927823300847
19	260	AML	0	FALSE	501	1.5803968520935423
19	270	AML	0	FALSE	501	0.40984418435011083
19	472	AML	0	FALSE	501	3.6631379893677916
19	546	AML	0	FALSE	501	3.730769716574998
19	566	AML	0	FALSE	501	5.812703182121475
19	576	PBMC	0	FALSE	501	2.8428077169521124
19	629	AML	0	FALSE	501	6.1721285622039
19	673	PBMC	0	FALSE	501	5.429670590840414
19	773	AML	0	FALSE	501	0
19	990	AML	1	TRUE	501	3.583719738943134
20	018	AML	0	FALSE	501	2.6355492302519594
20	027	AML	0	FALSE	501	2.495421810778315
20	103	PBMC	0	FALSE	501	3.0263444214999793
20	1360	AML	0	FALSE	501	0.7828394410139072
20	168	AML	0	FALSE	501	2.005564651089514
20	1916	AML	0	FALSE	501	2.823165247778217
20	260	AML	0	FALSE	501	1.993672542229384
20	270	AML	0	FALSE	501	0.5423190722208537
20	472	AML	0	FALSE	501	1.6249208112438758
20	546	AML	0	FALSE	501	5.240717991621432
20	566	AML	0	FALSE	501	3.413406404906404
20	576	PBMC	1	TRUE	501	8.32511833851447
20	629	AML	0	FALSE	501	3.9249637493354355
20	673	PBMC	0	FALSE	501	4.348943102145624
20	773	AML	0	FALSE	501	4.306510348519879
20	990	AML	0	FALSE	501	4.9599487503131705
21	018	AML	0	FALSE	501	0.4815782663113105
21	027	AML	0	FALSE	501	0.44831952839316486
21	103	PBMC	0	FALSE	501	2.9873557326322544
21	1360	AML	0	FALSE	501	2.3642595463884093
21	168	AML	0	FALSE	501	1.6833406446460717
21	1916	AML	0	FALSE	501	0.5741299236130096
21	260	AML	0	FALSE	501	0.9643099436502971
21	270	AML	0	FALSE	501	2.6370808216864003
21	472	AML	0	FALSE	501	0.8689790414478964
21	546	AML	0	FALSE	501	2.3453508822503917
21	566	AML	0	FALSE	501	2.4338662828989848
21	576	PBMC	0	FALSE	501	3.0846752473218237
21	629	AML	0	FALSE	501	3.5312577626424395
21	673	PBMC	0	FALSE	501	1.2535617770311123
21	773	AML	0	FALSE	501	2.0472783647373527
21	990	AML	1	TRUE	501	3.5485595873967855
22	018	AML	0	FALSE	501	0
22	027	AML	0	FALSE	501	2.0734736119915627
22	103	PBMC	0	FALSE	501	1.6025776146890636
22	1360	AML	0	FALSE	501	1.4711957249098908
22	168	AML	0	FALSE	501	1.5861178144009527
22	1916	AML	0	FALSE	501	1.8821101421843507
22	260	AML	0	FALSE	501	0.8418578873137514
22	270	AML	1	TRUE	501	3.8045166600012257
22	472	AML	0	FALSE	501	0.777135728124135
22	546	AML	0	FALSE	501	1.5592411637544157
22	566	AML	0	FALSE	501	4.72253402692829
22	576	PBMC	0	FALSE	501	0
22	629	AML	0	FALSE	501	1.5082044154108165
22	673	PBMC	0	FALSE	501	5.466112264853989
22	773	AML	0	FALSE	501	1.0597676240993354
22	990	AML	0	FALSE	501	1.250658727691559
23	018	AML	0	FALSE	501	2.2809333815546093
23	027	AML	0	FALSE	501	1.8789828132964417
23	103	PBMC	0	FALSE	501	1.6267776060960963
23	1360	AML	0	FALSE	501	3.945680608768425
23	168	AML	1	TRUE	501	3.5361277148157297
23	1916	AML	0	FALSE	501	1.8367841051010314
23	260	AML	0	FALSE	501	0.8418578873137514
23	270	AML	0	FALSE	501	5.882721327022164
23	472	AML	0	FALSE	501	2.97431156259335
23	546	AML	1	TRUE	501	7.549741420441283
23	566	AML	0	FALSE	501	4.411385238289595
23	576	PBMC	0	FALSE	501	1.8578139940897624
23	629	AML	0	FALSE	501	3.06789372543137
23	673	PBMC	0	FALSE	501	5.175627272524044
23	773	AML	0	FALSE	501	1.7389823381534355
23	990	AML	0	FALSE	501	6.439141846464541
24	018	AML	0	FALSE	501	2.5304788448615465
24	027	AML	0	FALSE	501	0.7252221669027668
24	103	PBMC	0	FALSE	501	1.5985445490854229
24	1360	AML	0	FALSE	501	3.189838883405674
24	168	AML	1	TRUE	501	2.4541779658989515
24	1916	AML	0	FALSE	501	2.0742062801372505
24	260	AML	0	FALSE	501	0.8418578873137514
24	270	AML	0	FALSE	501	1.246092113906038
24	472	AML	0	FALSE	501	3.6596061545693708
24	546	AML	0	FALSE	501	6.924491365512688
24	566	AML	0	FALSE	501	5.029072132415163
24	576	PBMC	0	FALSE	501	2.043596173950774
24	629	AML	0	FALSE	501	3.2011487405457184
24	673	PBMC	0	FALSE	501	3.7450679650087793
24	773	AML	0	FALSE	501	3.699552871034055
24	990	AML	1	TRUE	501	5.630479127822998
25	018	AML	0	FALSE	501	0
25	027	AML	0	FALSE	501	1.885576883951823
25	103	PBMC	0	FALSE	501	1.6939999809760058
25	1360	AML	0	FALSE	501	1.482443002645603
25	168	AML	0	FALSE	501	2.316677474214169
25	1916	AML	0	FALSE	501	0.5870802307319261
25	260	AML	0	FALSE	501	0
25	270	AML	0	FALSE	501	2.1154605642764155
25	472	AML	0	FALSE	501	1.4482991923829038
25	546	AML	0	FALSE	501	2.423182892942143
25	566	AML	1	TRUE	501	5.441631363299554
25	576	PBMC	0	FALSE	501	0.771168073018392
25	629	AML	0	FALSE	501	1.1508387124942925
25	673	PBMC	0	FALSE	501	2.1697860599277976
25	773	AML	0	FALSE	501	1.0597676240993354
25	990	AML	0	FALSE	501	0.16826094291405289
26	018	AML	0	FALSE	501	0
26	027	AML	0	FALSE	501	0
26	103	PBMC	0	FALSE	501	1.9749887570173679
26	1360	AML	0	FALSE	501	0.6478663861394642
26	168	AML	0	FALSE	501	2.2166769119079954
26	1916	AML	0	FALSE	501	2.5814263444698735
26	260	AML	0	FALSE	501	1.02553597181857
26	270	AML	0	FALSE	501	0.2194115330359179
26	472	AML	0	FALSE	501	0.777135728124135
26	546	AML	0	FALSE	501	0.2853852379583789
26	566	AML	0	FALSE	501	1.7700848817349433
26	576	PBMC	0	FALSE	501	0.7466309070587158
26	629	AML	0	FALSE	501	2.3864760484524115
26	673	PBMC	1	TRUE	501	2.862160864228498
26	773	AML	0	FALSE	501	0
26	990	AML	0	FALSE	501	0.5525002174986575
27	018	AML	2	TRUE	501	27.879051939456048
27	027	AML	1	TRUE	501	8.145552307783724
27	103	PBMC	1	TRUE	501	33.54658675051021
27	1360	AML	1	TRUE	501	28.015676106283525
27	168	AML	1	TRUE	501	5.926418127413995
27	1916	AML	1	TRUE	501	9.540045848625624
27	260	AML	1	TRUE	501	10.484975960440265
27	270	AML	1	TRUE	501	21.518928112859975
27	472	AML	1	TRUE	501	5.768474787771107
27	546	AML	1	TRUE	501	54.04684651540425
27	566	AML	1	TRUE	501	13.582197750875812
27	576	PBMC	1	TRUE	501	69.1948681220323
27	629	AML	1	TRUE	501	30.869731064566118
27	673	PBMC	1	TRUE	501	9.594333851408816
27	773	AML	1	TRUE	501	61.89524177353301
27	990	AML	1	TRUE	501	59.393818168107146
28	018	AML	0	FALSE	501	3.8394985308428247
28	027	AML	0	FALSE	501	3.2536075895655894
28	103	PBMC	0	FALSE	501	1.0338764787909989
28	1360	AML	1	TRUE	501	3.5497645023102296
28	168	AML	0	FALSE	501	1.6055621201406696
28	1916	AML	0	FALSE	501	0.7640676427030277
28	260	AML	0	FALSE	501	0.8303780070322002
28	270	AML	0	FALSE	501	3.187681814867579
28	472	AML	0	FALSE	501	2.4303171572808973
28	546	AML	1	TRUE	501	13.784118831752542
28	566	AML	1	TRUE	501	4.916137095221027
28	576	PBMC	0	FALSE	501	0.771168073018392
28	629	AML	0	FALSE	501	1.7595718294798495
28	673	PBMC	0	FALSE	501	1.6471228068936132
28	773	AML	1	TRUE	501	6.642819438389913
28	990	AML	0	FALSE	501	3.124141217229847
29	018	AML	0	FALSE	501	1.4447369546947364
29	027	AML	0	FALSE	501	0.36261138325917747
29	103	PBMC	0	FALSE	501	0
29	1360	AML	0	FALSE	501	0.27894307420163333
29	168	AML	0	FALSE	501	1.136114434567754
29	1916	AML	0	FALSE	501	1.929594590992271
29	260	AML	0	FALSE	501	0
29	270	AML	0	FALSE	501	2.666060963552631
29	472	AML	0	FALSE	501	1.5189490798942582
29	546	AML	1	TRUE	501	3.9953960939319786
29	566	AML	0	FALSE	501	3.6508004260872178
29	576	PBMC	0	FALSE	501	0.5853866736094157
29	629	AML	0	FALSE	501	1.850427510733614
29	673	PBMC	0	FALSE	501	1.9865419526775916
29	773	AML	0	FALSE	501	2.1195352767517943
29	990	AML	0	FALSE	501	1.165271412588641
30	018	AML	0	FALSE	501	0
30	027	AML	0	FALSE	501	0
30	103	PBMC	0	FALSE	501	1.0419425992908593
30	1360	AML	0	FALSE	501	1.7321417193688795
30	168	AML	0	FALSE	501	1.77361929107331
30	1916	AML	0	FALSE	501	1.6317377133283786
30	260	AML	0	FALSE	501	1.2627868309706272
30	270	AML	1	TRUE	501	7.149513799511268
30	472	AML	0	FALSE	501	1.3281956080667034
30	546	AML	0	FALSE	501	2.1663369544727837
30	566	AML	1	TRUE	501	4.30075519717858
30	576	PBMC	0	FALSE	501	0.6484822432200114
30	629	AML	0	FALSE	501	2.989152136201154
30	673	PBMC	1	TRUE	501	5.979408029548661
30	773	AML	0	FALSE	501	3.4972331833220767
30	990	AML	0	FALSE	501	2.8679782616164156
31	018	AML	0	FALSE	501	0
31	027	AML	0	FALSE	501	1.7767930930246136
31	103	PBMC	0	FALSE	501	1.121266471173711
31	1360	AML	0	FALSE	501	1.518434852183222
31	168	AML	0	FALSE	501	0.9680596340202285
31	1916	AML	0	FALSE	501	1.007964941079983
31	260	AML	0	FALSE	501	0
31	270	AML	0	FALSE	501	1.4903444872644847
31	472	AML	0	FALSE	501	0.4486192612352961
31	546	AML	0	FALSE	501	0
31	566	AML	0	FALSE	501	2.7726720859428604
31	576	PBMC	0	FALSE	501	0.5152804851531982
31	629	AML	0	FALSE	501	2.1017949271820737
31	673	PBMC	1	TRUE	501	2.7268091828047396
31	773	AML	0	FALSE	501	0.2119535248198671
31	990	AML	0	FALSE	501	0.9543179942224316
32	018	AML	0	FALSE	501	0
32	027	AML	0	FALSE	501	1.2032092997651853
32	103	PBMC	0	FALSE	501	0.8604441871662102
32	1360	AML	0	FALSE	501	1.3159772509824255
32	168	AML	0	FALSE	501	1.298616974653598
32	1916	AML	0	FALSE	501	0.4316766342954959
32	260	AML	0	FALSE	501	0
32	270	AML	0	FALSE	501	0.9107648541113573
32	472	AML	0	FALSE	501	1.3105334324275186
32	546	AML	0	FALSE	501	0.7938898437751267
32	566	AML	1	TRUE	501	5.360963015261286
32	576	PBMC	0	FALSE	501	1.0025184949239094
32	629	AML	0	FALSE	501	1.33255009165781
32	673	PBMC	0	FALSE	501	1.1223755484807516
32	773	AML	0	FALSE	501	0.5298838120496677
32	990	AML	0	FALSE	501	0.5022714713852324
33	018	AML	0	FALSE	501	0
33	027	AML	0	FALSE	501	0.7252225666464922
33	103	PBMC	0	FALSE	501	0.18822174824164536
33	1360	AML	1	TRUE	501	3.1943369649365514
33	168	AML	0	FALSE	501	1.6263970557801024
33	1916	AML	0	FALSE	501	0.9496886097266527
33	260	AML	0	FALSE	501	0
33	270	AML	0	FALSE	501	1.3661482805263496
33	472	AML	0	FALSE	501	0.1095054889629463
33	546	AML	0	FALSE	501	1.1415411493259513
33	566	AML	0	FALSE	501	0.7605810650808369
33	576	PBMC	0	FALSE	501	0.385584036509196
33	629	AML	0	FALSE	501	0
33	673	PBMC	0	FALSE	501	0.8329309865148243
33	773	AML	0	FALSE	501	0.5298838120496677
33	990	AML	0	FALSE	501	0.5524986185237557
34	018	AML	0	FALSE	501	0
34	027	AML	0	FALSE	501	0.7285190337670302
34	103	PBMC	0	FALSE	501	1.1871440098909085
34	1360	AML	1	TRUE	501	2.634204454526692
34	168	AML	0	FALSE	501	0.43194584361093485
34	1916	AML	0	FALSE	501	0.6496733369941483
34	260	AML	0	FALSE	501	0
34	270	AML	0	FALSE	501	1.742874942139951
34	472	AML	0	FALSE	501	0.42742465046827427
34	546	AML	0	FALSE	501	0.8587501251293038
34	566	AML	0	FALSE	501	3.074601075368489
34	576	PBMC	0	FALSE	501	0.7746733824412028
34	629	AML	0	FALSE	501	0.8207297184748088
34	673	PBMC	0	FALSE	501	0
34	773	AML	0	FALSE	501	2.0713639925577922
34	990	AML	0	FALSE	501	0.5047828287421586
35	018	AML	0	FALSE	501	0.9631573321100718
35	027	AML	0	FALSE	501	0.7252227665183549
35	103	PBMC	0	FALSE	501	1.2221007245981288
35	1360	AML	0	FALSE	501	2.629705012915377
35	168	AML	0	FALSE	501	0.8055587966523009
35	1916	AML	0	FALSE	501	2.421705951709709
35	260	AML	0	FALSE	501	0.8418578873137514
35	270	AML	0	FALSE	501	0.9107652538550828
35	472	AML	0	FALSE	501	1.706167948936036
35	546	AML	0	FALSE	501	0.5707704759167578
35	566	AML	1	TRUE	501	3.989608274962374
35	576	PBMC	0	FALSE	501	0.385584036509196
35	629	AML	0	FALSE	501	1.0084981292545676
35	673	PBMC	0	FALSE	501	2.5071241227452625
35	773	AML	0	FALSE	501	2.119535248198671
35	990	AML	0	FALSE	501	0.5801247486811199
36	018	AML	0	FALSE	501	0
36	027	AML	0	FALSE	501	0.3395361134154116
36	103	PBMC	0	FALSE	501	1.1790774107693198
36	1360	AML	0	FALSE	501	0.3284326146938606
36	168	AML	0	FALSE	501	0.9166706821875658
36	1916	AML	0	FALSE	501	2.2922029614210606
36	260	AML	0	FALSE	501	0.8418578873137514
36	270	AML	0	FALSE	501	0.2401107342657215
36	472	AML	0	FALSE	501	2.285486574420434
36	546	AML	0	FALSE	501	1.5073549207337127
36	566	AML	0	FALSE	501	2.0535753482354138
36	576	PBMC	0	FALSE	501	0
36	629	AML	0	FALSE	501	1.090268260704543
36	673	PBMC	1	TRUE	501	3.2036629934272844
36	773	AML	0	FALSE	501	0.5298838120496677
36	990	AML	0	FALSE	501	0.27624930926187785
37	018	AML	1	TRUE	501	20.16064785864063
37	027	AML	1	TRUE	501	8.940004662839238
37	103	PBMC	1	TRUE	501	19.806351939599196
37	1360	AML	1	TRUE	501	8.883404641332264
37	168	AML	1	TRUE	501	8.358378863382244
37	1916	AML	0	FALSE	501	5.124001757589405
37	260	AML	0	FALSE	501	6.681305428464969
37	270	AML	1	TRUE	501	24.1808448703941
37	472	AML	1	TRUE	501	6.951846674768749
37	546	AML	1	TRUE	501	23.12402082726865
37	566	AML	1	TRUE	501	13.506137386291565
37	576	PBMC	1	TRUE	501	46.30519050704743
37	629	AML	1	TRUE	501	15.754370837392445
37	673	PBMC	1	TRUE	501	12.287821349983444
37	773	AML	1	TRUE	501	33.24298203062868
37	990	AML	1	TRUE	501	33.03449233087475
38	018	AML	0	FALSE	501	5.078470037844842
38	027	AML	0	FALSE	501	2.739359549181666
38	103	PBMC	0	FALSE	501	3.5977322369992377
38	1360	AML	0	FALSE	501	3.174087382600217
38	168	AML	0	FALSE	501	2.3013994279735814
38	1916	AML	0	FALSE	501	2.697979004321222
38	260	AML	1	TRUE	501	4.760328867716228
38	270	AML	0	FALSE	501	1.7014745409617167
38	472	AML	0	FALSE	501	1.1551066422890761
38	546	AML	0	FALSE	501	7.876638985917478
38	566	AML	0	FALSE	501	7.400705755351784
38	576	PBMC	0	FALSE	501	5.1002352875387835
38	629	AML	0	FALSE	501	4.939520898693336
38	673	PBMC	0	FALSE	501	3.989741975437857
38	773	AML	0	FALSE	501	8.86833506287215
38	990	AML	0	FALSE	501	4.794197311658345
39	018	AML	0	FALSE	501	0
39	027	AML	0	FALSE	501	1.8130538944236771
39	103	PBMC	0	FALSE	501	0.82279964835343955
39	1360	AML	0	FALSE	501	0.5848806394550377
39	168	AML	0	FALSE	501	0.2500013248649186
39	1916	AML	0	FALSE	501	0.7770179417318926
39	260	AML	0	FALSE	501	1.6837157746275029
39	270	AML	0	FALSE	501	1.6145386952839926
39	472	AML	0	FALSE	501	1.1657035921862025
39	546	AML	0	FALSE	501	1.769389462804128
39	566	AML	0	FALSE	501	3.583961897981381
39	576	PBMC	0	FALSE	501	0.357541561126709
39	629	AML	0	FALSE	501	1.608145679780347
39	673	PBMC	1	TRUE	501	2.2780681432126286
39	773	AML	0	FALSE	501	2.456734051961385
39	990	AML	0	FALSE	501	0.2059315231269943
40	018	AML	0	FALSE	501	0
40	027	AML	0	FALSE	501	1.7042698941068972
40	103	PBMC	0	FALSE	501	0.8953997917517931
40	1360	AML	1	TRUE	501	3.990669268571926
40	168	AML	0	FALSE	501	2.0000101244616175
40	1916	AML	0	FALSE	501	1.1957442960339393
40	260	AML	0	FALSE	501	0
40	270	AML	0	FALSE	501	1.4158271829525153
40	472	AML	0	FALSE	501	1.6637778734256645
40	546	AML	0	FALSE	501	0.9262065951695699
40	566	AML	0	FALSE	501	3.7591268449962256
40	576	PBMC	0	FALSE	501	0.5293017228444418
40	629	AML	0	FALSE	501	0.8903857462420435
40	673	PBMC	0	FALSE	501	1.4826184794336499
40	773	AML	0	FALSE	501	0
40	990	AML	0	FALSE	501	0.9392482511059729
41	018	AML	0	FALSE	501	0
41	027	AML	1	TRUE	501	3.352501393792158
41	103	PBMC	0	FALSE	501	0.8348994993877982
41	1360	AML	0	FALSE	501	1.4509514346570074
41	168	AML	0	FALSE	501	0.8805586806314434
41	1916	AML	0	FALSE	501	0.4532604660102707
41	260	AML	0	FALSE	501	1.3775870328891777
41	270	AML	0	FALSE	501	0.45538242705567866
41	472	AML	0	FALSE	501	1.5330776354509914
41	546	AML	0	FALSE	501	1.7226904552139921
41	566	AML	0	FALSE	501	1.975211802594914
41	576	PBMC	0	FALSE	501	0.385584036509196
41	629	AML	0	FALSE	501	0.6662750482083318
41	673	PBMC	0	FALSE	501	1.751238713959258
41	773	AML	0	FALSE	501	0
41	990	AML	0	FALSE	501	2.4058886254856926
42	018	AML	0	FALSE	501	0.963156532622621
42	027	AML	0	FALSE	501	0.44831952839316486
42	103	PBMC	1	TRUE	501	1.9844008817406233
42	1360	AML	0	FALSE	501	1.2754857966048037
42	168	AML	0	FALSE	501	1.7986192722282486
42	1916	AML	0	FALSE	501	2.4519233422840903
42	260	AML	0	FALSE	501	0
42	270	AML	0	FALSE	501	1.8836295105026153
42	472	AML	0	FALSE	501	2.9531187363965308
42	546	AML	0	FALSE	501	0.5707704759167578
42	566	AML	0	FALSE	501	4.309974597123807
42	576	PBMC	0	FALSE	501	0.385584036509196
42	629	AML	0	FALSE	501	1.1992950843955705
42	673	PBMC	1	TRUE	501	2.8340496679028115
42	773	AML	0	FALSE	501	0
42	990	AML	0	FALSE	501	1.8483640114942235
43	018	AML	0	FALSE	501	0.9631567324944836
43	027	AML	0	FALSE	501	1.3482536531969935
43	103	PBMC	1	TRUE	501	1.823066867040303
43	1360	AML	0	FALSE	501	1.392461469311438
43	168	AML	0	FALSE	501	1.0861158390007095
43	1916	AML	0	FALSE	501	1.6209457831944296
43	260	AML	0	FALSE	501	0.8418578873137514
43	270	AML	0	FALSE	501	2.5708441905632706
43	472	AML	0	FALSE	501	0.0317919161505328
43	546	AML	0	FALSE	501	0.6953022161167777
43	566	AML	0	FALSE	501	2.0305266189955904
43	576	PBMC	0	FALSE	501	1.048087517420451
43	629	AML	0	FALSE	501	0.6662750482083318
43	673	PBMC	1	TRUE	501	4.0251409993200244
43	773	AML	0	FALSE	501	0.3323816639220643
43	990	AML	0	FALSE	501	0.22351080476642846
44	018	AML	0	FALSE	501	0
44	027	AML	0	FALSE	501	0.6296252200227536
44	103	PBMC	0	FALSE	501	2.1793445747293636
44	1360	AML	0	FALSE	501	1.7793809696585832
44	168	AML	0	FALSE	501	1.9430650498814688
44	1916	AML	0	FALSE	501	0.4748442977250455
44	260	AML	0	FALSE	501	0.4209289436568757
44	270	AML	0	FALSE	501	0.22769129347658443
44	472	AML	0	FALSE	501	1.992294401941661
44	546	AML	0	FALSE	501	0.09599321640418199
44	566	AML	0	FALSE	501	3.685372093718447
44	576	PBMC	0	FALSE	501	0.05959026018778483
44	629	AML	0	FALSE	501	0.3331375241041659
44	673	PBMC	1	TRUE	501	5.263084498470177
44	773	AML	0	FALSE	501	0.48171255640878885
44	990	AML	0	FALSE	501	1.1250913595249077
45	018	AML	0	FALSE	501	0.6260519460765663
45	027	AML	0	FALSE	501	2.014137170509902
45	103	PBMC	0	FALSE	501	1.0997544995800939
45	1360	AML	0	FALSE	501	2.0763198758313757
45	168	AML	0	FALSE	501	2.9014025419772027
45	1916	AML	0	FALSE	501	0.48131944723947795
45	260	AML	0	FALSE	501	1.2627868309706272
45	270	AML	0	FALSE	501	1.5069047076973372
45	472	AML	0	FALSE	501	3.8856824120123705
45	546	AML	0	FALSE	501	1.5099477449101126
45	566	AML	0	FALSE	501	4.653387311451925
45	576	PBMC	0	FALSE	501	2.5869197245843396
45	629	AML	0	FALSE	501	1.1387246278469672
45	673	PBMC	1	TRUE	501	4.99342350759906
45	773	AML	0	FALSE	501	0.39982142181929475
45	990	AML	0	FALSE	501	1.3812509339726613
46	018	AML	0	FALSE	501	1.624233951587639
46	027	AML	0	FALSE	501	1.447146678399183
46	103	PBMC	0	FALSE	501	0.45711075950287533
46	1360	AML	0	FALSE	501	1.99308661691205
46	168	AML	0	FALSE	501	2.069453815738122
46	1916	AML	0	FALSE	501	0.8288191402267792
46	260	AML	0	FALSE	501	0.4209289436568757
46	270	AML	0	FALSE	501	0
46	472	AML	0	FALSE	501	2.9778453927791997
46	546	AML	0	FALSE	501	0.8354004238418
46	566	AML	0	FALSE	501	2.4661327360157004
46	576	PBMC	0	FALSE	501	2.3135063890925425
46	629	AML	0	FALSE	501	2.180536523788513
46	673	PBMC	1	TRUE	501	5.108991857060415
46	773	AML	0	FALSE	501	1.7437994541998156
46	990	AML	0	FALSE	501	0.8287485274012217
47	018	AML	0	FALSE	501	0
47	027	AML	0	FALSE	501	1.9613948929571583
47	103	PBMC	0	FALSE	501	0.5781109173616725
47	1360	AML	0	FALSE	501	0.6006256682192256
47	168	AML	0	FALSE	501	1.1000043969906257
47	1916	AML	0	FALSE	501	0.7122664465875683
47	260	AML	0	FALSE	501	0.4209289436568757
47	270	AML	0	FALSE	501	0.6954947403091156
47	472	AML	0	FALSE	501	2.158318060600829
47	546	AML	0	FALSE	501	1.0014441660540307
47	566	AML	0	FALSE	501	3.5793525839518168
47	576	PBMC	0	FALSE	501	0.14722299575805664
47	629	AML	0	FALSE	501	2.026081839483417
47	673	PBMC	1	TRUE	501	5.94192349458645
47	773	AML	0	FALSE	501	0.5298838120496677
47	990	AML	0	FALSE	501	1.381250343874781
48	018	AML	0	FALSE	501	0
48	027	AML	0	FALSE	501	0.9263066612555834
48	103	PBMC	0	FALSE	501	1.6993764331954682
48	1360	AML	0	FALSE	501	2.362010169647887
48	168	AML	0	FALSE	501	2.0972314090309983
48	1916	AML	0	FALSE	501	0.928104775632451
48	260	AML	0	FALSE	501	0.42475557041739276
48	270	AML	0	FALSE	501	1.1632967080898629
48	472	AML	0	FALSE	501	2.3384724496129508
48	546	AML	0	FALSE	501	0.07783233762501243
48	566	AML	0	FALSE	501	2.468437973848598
48	576	PBMC	0	FALSE	501	1.1567540606576763
48	629	AML	0	FALSE	501	0.6662750482083318
48	673	PBMC	1	TRUE	501	5.294319235160203
48	773	AML	0	FALSE	501	1.348795157944609
48	990	AML	0	FALSE	501	1.459102612293647
49	018	AML	0	FALSE	501	0.4815782663113105
49	027	AML	0	FALSE	501	1.4306657909157272
49	103	PBMC	0	FALSE	501	1.29873320989742
49	1360	AML	0	FALSE	501	2.6904411901256995
49	168	AML	0	FALSE	501	1.979176527963665
49	1916	AML	0	FALSE	501	2.2770942697030105
49	260	AML	0	FALSE	501	1.2627868309706272
49	270	AML	0	FALSE	501	0.8279700479107702
49	472	AML	0	FALSE	501	3.3982060436241164
49	546	AML	1	TRUE	501	4.169224832348243
49	566	AML	0	FALSE	501	7.0803432179068375
49	576	PBMC	0	FALSE	501	0.7255990505218506
49	629	AML	0	FALSE	501	0.36645127651458254
49	673	PBMC	0	FALSE	501	3.4462532897195417
49	773	AML	0	FALSE	501	0
49	990	AML	0	FALSE	501	0.5524990182674812
50	018	AML	0	FALSE	501	0
50	027	AML	0	FALSE	501	2.317411939541023
50	103	PBMC	0	FALSE	501	1.7504656683661028
50	1360	AML	0	FALSE	501	3.10885517516298
50	168	AML	0	FALSE	501	1.2930609090123586
50	1916	AML	0	FALSE	501	0.23742214886252275
50	260	AML	0	FALSE	501	0.8418578873137514
50	270	AML	0	FALSE	501	3.3946737986124917
50	472	AML	0	FALSE	501	1.8050743503246955
50	546	AML	0	FALSE	501	1.0118203891251616
50	566	AML	0	FALSE	501	3.4364547096564624
50	576	PBMC	0	FALSE	501	0.4556902249654134
50	629	AML	0	FALSE	501	0.15445467026647694
50	673	PBMC	1	TRUE	501	6.106427995030751
50	773	AML	0	FALSE	501	0.5298838120496677
50	990	AML	0	FALSE	501	2.1873976211110038
51	018	AML	0	FALSE	501	0.963156532622621
51	027	AML	0	FALSE	501	1.0878325508026305
51	103	PBMC	1	TRUE	501	3.025000390416372
51	1360	AML	1	TRUE	501	4.672280673019425
51	168	AML	0	FALSE	501	2.026398140037369
51	1916	AML	0	FALSE	501	0.8849371217206091
51	260	AML	0	FALSE	501	1.5000380898664099
51	270	AML	0	FALSE	501	3.4940294810159953
51	472	AML	0	FALSE	501	2.0523467960947763
51	546	AML	1	TRUE	501	5.507936611384927
51	566	AML	0	FALSE	501	0.7790211679454812
51	576	PBMC	1	TRUE	501	6.271001726805331
51	629	AML	0	FALSE	501	0.8146726725820058
51	673	PBMC	0	FALSE	501	2.51857652421483
51	773	AML	0	FALSE	501	7.818195423442209
51	990	AML	1	TRUE	501	6.147814682143891
52	018	AML	0	FALSE	501	0.932511242563853
52	027	AML	0	FALSE	501	1.0515712525792227
52	103	PBMC	0	FALSE	501	2.511423194955685
52	1360	AML	0	FALSE	501	1.7388899757000738
52	168	AML	0	FALSE	501	1.5430623395238332
52	1916	AML	0	FALSE	501	0.9755891935078208
52	260	AML	0	FALSE	501	2.2691918675771015
52	270	AML	0	FALSE	501	2.9144525899144704
52	472	AML	0	FALSE	501	4.394353856583555
52	546	AML	0	FALSE	501	3.5828879379226777
52	566	AML	1	TRUE	501	6.179162857775203
52	576	PBMC	0	FALSE	501	0.385584036509196
52	629	AML	0	FALSE	501	1.9564257876839704
52	673	PBMC	0	FALSE	501	4.716473558467781
52	773	AML	0	FALSE	501	0.3516501661784159
52	990	AML	0	FALSE	501	3.0111272477818107
53	018	AML	0	FALSE	501	0
53	027	AML	0	FALSE	501	0.7252225666464922
53	103	PBMC	1	TRUE	501	2.8663558862404432
53	1360	AML	0	FALSE	501	1.4127083148309094
53	168	AML	0	FALSE	501	0.02500013248649186
53	1916	AML	0	FALSE	501	1.8691598502937667
53	260	AML	0	FALSE	501	0
53	270	AML	0	FALSE	501	0.9107648541113573
53	472	AML	0	FALSE	501	0.3885678640620675
53	546	AML	0	FALSE	501	1.4788165872920298
53	566	AML	0	FALSE	501	1.8115712611261243
53	576	PBMC	0	FALSE	501	2.6675418365501358
53	629	AML	0	FALSE	501	0.6299327728515137
53	673	PBMC	0	FALSE	501	2.8413373607837276
53	773	AML	0	FALSE	501	0.5298838120496677
53	990	AML	0	FALSE	501	1.5269092561717994
54	018	AML	0	FALSE	501	0.5516260141384102
54	027	AML	0	FALSE	501	1.7141593525747578
54	103	PBMC	0	FALSE	501	1.9037337174672566
54	1360	AML	0	FALSE	501	1.723143362951374
54	168	AML	0	FALSE	501	1.7555635755885386
54	1916	AML	0	FALSE	501	0.7014745426273156
54	260	AML	0	FALSE	501	0
54	270	AML	0	FALSE	501	0
54	472	AML	0	FALSE	501	3.4441274190377333
54	546	AML	0	FALSE	501	1.712312810197324
54	566	AML	0	FALSE	501	3.240547650350544
54	576	PBMC	0	FALSE	501	0
54	629	AML	0	FALSE	501	0
54	673	PBMC	1	TRUE	501	5.43175329229313
54	773	AML	0	FALSE	501	0.650311951151865
54	990	AML	0	FALSE	501	2.14721691703606
55	018	AML	0	FALSE	501	0
55	027	AML	0	FALSE	501	1.8130530806596645
55	103	PBMC	0	FALSE	501	2.725190257597826
55	1360	AML	1	TRUE	501	3.507023069435013
55	168	AML	0	FALSE	501	1.5138959979820632
55	1916	AML	0	FALSE	501	1.0101233266308873
55	260	AML	0	FALSE	501	0
55	270	AML	0	FALSE	501	0.48022212810858994
55	472	AML	0	FALSE	501	0.35324351278369776
55	546	AML	0	FALSE	501	1.5099493919494384
55	566	AML	0	FALSE	501	2.8809981631661605
55	576	PBMC	0	FALSE	501	1.0025184949239094
55	629	AML	0	FALSE	501	0.7056458465115515
55	673	PBMC	0	FALSE	501	2.9371239898685446
55	773	AML	0	FALSE	501	1.0597676240993354
55	990	AML	0	FALSE	501	0.5524986185237557
56	018	AML	0	FALSE	501	0.38964059728824213
56	027	AML	0	FALSE	501	1.6416368294142916
56	103	PBMC	1	TRUE	501	1.485611089332375
56	1360	AML	0	FALSE	501	1.1742567559202275
56	168	AML	0	FALSE	501	1.04583751274916
56	1916	AML	0	FALSE	501	2.359112849492513
56	260	AML	0	FALSE	501	0
56	270	AML	0	FALSE	501	1.9954051971435547
56	472	AML	0	FALSE	501	1.900450338622529
56	546	AML	0	FALSE	501	2.358323365152477
56	566	AML	0	FALSE	501	5.759690394658528
56	576	PBMC	0	FALSE	501	0.385584036509196
56	629	AML	0	FALSE	501	0.27256706517613577
56	673	PBMC	1	TRUE	501	8.6073078128868
56	773	AML	0	FALSE	501	1.3584294090727846
56	990	AML	0	FALSE	501	0.6755557286287258
57	018	AML	0	FALSE	501	0
57	027	AML	0	FALSE	501	1.0878335501619443
57	103	PBMC	0	FALSE	501	1.7181993775263043
57	1360	AML	0	FALSE	501	2.926642416004173
57	168	AML	0	FALSE	501	1.9375088457575815
57	1916	AML	0	FALSE	501	2.3914885801707437
57	260	AML	0	FALSE	501	0.4209289436568757
57	270	AML	0	FALSE	501	2.463207903498423
57	472	AML	0	FALSE	501	2.077072645137886
57	546	AML	0	FALSE	501	1.1000309642441497
57	566	AML	1	TRUE	501	10.09962783649772
57	576	PBMC	0	FALSE	501	1.100667158762614
57	629	AML	0	FALSE	501	2.2229358188644377
57	673	PBMC	0	FALSE	501	5.231849794140357
57	773	AML	1	TRUE	501	3.2322912820560967
57	990	AML	0	FALSE	501	1.5319307787927563
58	018	AML	0	FALSE	501	0
58	027	AML	0	FALSE	501	1.4768153312439452
58	103	PBMC	0	FALSE	501	1.375365183976834
58	1360	AML	0	FALSE	501	1.9728418174618019
58	168	AML	0	FALSE	501	2.0430648836071144
58	1916	AML	0	FALSE	501	1.2626541641182052
58	260	AML	0	FALSE	501	0
58	270	AML	0	FALSE	501	2.2396555717833744
58	472	AML	0	FALSE	501	2.1512530718496934
58	546	AML	0	FALSE	501	2.210441753060042
58	566	AML	0	FALSE	501	3.4479784080368314
58	576	PBMC	0	FALSE	501	0.8658114274342855
58	629	AML	0	FALSE	501	0.2059395603553026
58	673	PBMC	1	TRUE	501	5.508799873664231
58	773	AML	0	FALSE	501	2.350757308586867
58	990	AML	0	FALSE	501	1.1049992357661387
59	018	AML	0	FALSE	501	0.4815782663113105
59	027	AML	0	FALSE	501	0.36261138325917747
59	103	PBMC	1	TRUE	501	1.9158333011729989
59	1360	AML	0	FALSE	501	0.8728197434705175
59	168	AML	0	FALSE	501	2.258343309699418
59	1916	AML	0	FALSE	501	1.6490047572853561
59	260	AML	0	FALSE	501	0.4209289436568757
59	270	AML	0	FALSE	501	3.46919100298853
59	472	AML	0	FALSE	501	3.1933233162124237
59	546	AML	0	FALSE	501	0.30354611673754844
59	566	AML	0	FALSE	501	2.4523045421836382
59	576	PBMC	0	FALSE	501	1.1111830870310466
59	629	AML	0	FALSE	501	1.7474577353148166
59	673	PBMC	0	FALSE	501	4.784150369153052
59	773	AML	0	FALSE	501	1.9316673511992433
59	990	AML	0	FALSE	501	1.6600111225645937
60	018	AML	0	FALSE	501	1.03320583945025
60	027	AML	0	FALSE	501	0
60	103	PBMC	1	TRUE	501	3.931155934543191
60	1360	AML	0	FALSE	501	1.475694082454293
60	168	AML	0	FALSE	501	1.308338469849851
60	1916	AML	0	FALSE	501	0.9496886097266527
60	260	AML	0	FALSE	501	0
60	270	AML	0	FALSE	501	3.0345059440521425
60	472	AML	0	FALSE	501	1.2928712567883338
60	546	AML	0	FALSE	501	4.252246970426061
60	566	AML	0	FALSE	501	3.6600186372707464
60	576	PBMC	1	TRUE	501	6.540913126901714
60	629	AML	0	FALSE	501	3.504001024478448
60	673	PBMC	1	TRUE	501	7.135097672125537
60	773	AML	0	FALSE	501	2.0135584857887374
60	990	AML	1	TRUE	501	9.138846633676998
61	018	AML	0	FALSE	501	1.7993523217960745
61	027	AML	0	FALSE	501	2.340487010940582
61	103	PBMC	0	FALSE	501	3.1096997886836646
61	1360	AML	0	FALSE	501	3.4215397794327576
61	168	AML	0	FALSE	501	1.1805606126309394
61	1916	AML	0	FALSE	501	1.4892844406668535
61	260	AML	0	FALSE	501	1.4541189684839306
61	270	AML	0	FALSE	501	2.7364387997610127
61	472	AML	0	FALSE	501	3.5112452768756004
61	546	AML	0	FALSE	501	3.5543487695400824
61	566	AML	0	FALSE	501	2.719660695203526
61	576	PBMC	1	TRUE	501	3.6840845815197913
61	629	AML	0	FALSE	501	3.8189673997208984
61	673	PBMC	0	FALSE	501	2.886106926286054
61	773	AML	0	FALSE	501	5.207312815679524
61	990	AML	1	TRUE	501	4.045805786660093
62	018	AML	0	FALSE	501	2.1714834405514534
62	027	AML	0	FALSE	501	1.7899772207180182
62	103	PBMC	0	FALSE	501	1.3780534714757802
62	1360	AML	0	FALSE	501	2.0920647513604687
62	168	AML	0	FALSE	501	2.6333460603169576
62	1916	AML	0	FALSE	501	1.5475607465603156
62	260	AML	0	FALSE	501	0.8418578873137514
62	270	AML	0	FALSE	501	1.4241063038032211
62	472	AML	0	FALSE	501	4.666351120153111
62	546	AML	0	FALSE	501	3.204102519505514
62	566	AML	1	TRUE	501	7.07803904177424
62	576	PBMC	0	FALSE	501	2.285462203377973
62	629	AML	0	FALSE	501	2.274420720850398
62	673	PBMC	0	FALSE	501	1.7335383116366145
62	773	AML	0	FALSE	501	3.1793029151276913
62	990	AML	0	FALSE	501	1.5771354182275708
63	018	AML	0	FALSE	501	0.6260521859228017
63	027	AML	0	FALSE	501	0
63	103	PBMC	0	FALSE	501	1.8620546642177833
63	1360	AML	0	FALSE	501	1.6084165294727166
63	168	AML	0	FALSE	501	1.605562213890091
63	1916	AML	0	FALSE	501	2.3310538489899475
63	260	AML	0	FALSE	501	0.7729786056244444
63	270	AML	0	FALSE	501	1.490344867021024
63	472	AML	0	FALSE	501	1.7556220759412724
63	546	AML	0	FALSE	501	3.769685725727957
63	566	AML	1	TRUE	501	2.171119593812558
63	576	PBMC	0	FALSE	501	1.0901512304941814
63	629	AML	0	FALSE	501	2.871039718924882
63	673	PBMC	1	TRUE	501	4.184439501124704
63	773	AML	0	FALSE	501	2.5675279304176986
63	990	AML	0	FALSE	501	1.7378639032740792
64	018	AML	0	FALSE	501	1.2345915554526323
64	027	AML	0	FALSE	501	2.696505284832861
64	103	PBMC	0	FALSE	501	0.5915547131064409
64	1360	AML	0	FALSE	501	1.3699664519932455
64	168	AML	0	FALSE	501	1.844452675707088
64	1916	AML	0	FALSE	501	0.23742214886252275
64	260	AML	0	FALSE	501	0
64	270	AML	1	TRUE	501	3.6058045090315582
64	472	AML	0	FALSE	501	0.9820169655386797
64	546	AML	0	FALSE	501	0.4099169781583988
64	566	AML	0	FALSE	501	1.4312795041326039
64	576	PBMC	0	FALSE	501	1.542336146036784
64	629	AML	0	FALSE	501	2.0321388970354124
64	673	PBMC	1	TRUE	501	2.5383591877962064
64	773	AML	0	FALSE	501	1.4884917993031577
64	990	AML	0	FALSE	501	0.577613377047632
65	018	AML	0	FALSE	501	0
65	027	AML	0	FALSE	501	1.4702211378101342
65	103	PBMC	1	TRUE	501	1.868777271516309
65	1360	AML	0	FALSE	501	2.1415548681499
65	168	AML	0	FALSE	501	0.958337729086657
65	1916	AML	0	FALSE	501	2.0418305111502457
65	260	AML	0	FALSE	501	0.8418578873137514
65	270	AML	0	FALSE	501	0
65	472	AML	0	FALSE	501	0.7947979037633199
65	546	AML	0	FALSE	501	3.21188561502331
65	566	AML	1	TRUE	501	4.081799019358591
65	576	PBMC	0	FALSE	501	0.385584036509196
65	629	AML	0	FALSE	501	2.652986079632879
65	673	PBMC	1	TRUE	501	5.803449497489396
65	773	AML	0	FALSE	501	1.0597676240993354
65	990	AML	0	FALSE	501	1.017101921007305
66	018	AML	0	FALSE	501	1.3571769129968212
66	027	AML	0	FALSE	501	0.13515515194205704
66	103	PBMC	1	TRUE	501	2.8972767047777386
66	1360	AML	0	FALSE	501	3.4867776629929534
66	168	AML	0	FALSE	501	1.2638936594812693
66	1916	AML	0	FALSE	501	0.7122664465875683
66	260	AML	0	FALSE	501	0
66	270	AML	1	TRUE	501	3.1876798827729065
66	472	AML	0	FALSE	501	2.63166697938999
66	546	AML	0	FALSE	501	2.5477160084509327
66	566	AML	1	TRUE	501	5.324080307326631
66	576	PBMC	0	FALSE	501	0.8482848803202311
66	629	AML	0	FALSE	501	2.1502512895656443
66	673	PBMC	1	TRUE	501	3.654486360902082
66	773	AML	1	TRUE	501	7.697770434701276
66	990	AML	0	FALSE	501	3.8273219791001187
67	018	AML	0	FALSE	501	0.24516711739484898
67	027	AML	0	FALSE	501	0.7252211675434531
67	103	PBMC	0	FALSE	501	2.61628820201356
67	1360	AML	0	FALSE	501	1.7996266502106262
67	168	AML	2	TRUE	501	3.5847396855344793
67	1916	AML	0	FALSE	501	1.236753563443106
67	260	AML	0	FALSE	501	1.6684100670728854
67	270	AML	0	FALSE	501	2.4218111504575686
67	472	AML	0	FALSE	501	1.4659615655145246
67	546	AML	0	FALSE	501	3.59845318028075
67	566	AML	1	TRUE	501	4.927659949380718
67	576	PBMC	0	FALSE	501	0.771168073018392
67	629	AML	0	FALSE	501	0.9994125723124978
67	673	PBMC	1	TRUE	501	5.90131754551581
67	773	AML	0	FALSE	501	1.589651445666711
67	990	AML	0	FALSE	501	2.3355700084549222
68	018	AML	0	FALSE	501	0.9544019346941492
68	027	AML	0	FALSE	501	1.348254292786954
68	103	PBMC	0	FALSE	501	1.5877886594174626
68	1360	AML	1	TRUE	501	3.4080427899332104
68	168	AML	0	FALSE	501	1.0958379528479663
68	1916	AML	0	FALSE	501	0.8007601566181449
68	260	AML	0	FALSE	501	3.0574763806280263
68	270	AML	0	FALSE	501	3.332578432536173
68	472	AML	0	FALSE	501	2.2925505954586343
68	546	AML	0	FALSE	501	4.005776495276811
68	566	AML	1	TRUE	501	5.1512250129334225
68	576	PBMC	0	FALSE	501	3.3686049346200484
68	629	AML	0	FALSE	501	2.201736167043507
68	673	PBMC	2	TRUE	501	4.587369816745826
68	773	AML	0	FALSE	501	3.1311316261748354
68	990	AML	0	FALSE	501	3.2823544562219857
69	018	AML	0	FALSE	501	0.5253581087032478
69	027	AML	0	FALSE	501	0.49776573571378363
69	103	PBMC	0	FALSE	501	3.3638002332337127
69	1360	AML	0	FALSE	501	2.43399469771547
69	168	AML	0	FALSE	501	0.3625016783525844
69	1916	AML	0	FALSE	501	0.9065209320205414
69	260	AML	0	FALSE	501	0.8418578873137514
69	270	AML	1	TRUE	501	7.0128987915739565
69	472	AML	0	FALSE	501	3.3911398689665955
69	546	AML	0	FALSE	501	1.1700794756293535
69	566	AML	0	FALSE	501	4.526625819786818
69	576	PBMC	0	FALSE	501	1.6860538323720295
69	629	AML	0	FALSE	501	1.547575216093463
69	673	PBMC	0	FALSE	501	4.626933487589488
69	773	AML	0	FALSE	501	1.64263981735397
69	990	AML	0	FALSE	501	1.082397019553803
70	018	AML	0	FALSE	501	1.5804541091957016
70	027	AML	0	FALSE	501	2.2020357164318214
70	103	PBMC	0	FALSE	501	2.8892109874717726
70	1360	AML	0	FALSE	501	2.5982115056938277
70	168	AML	0	FALSE	501	4.419466051988735
70	1916	AML	0	FALSE	501	1.0683996698813525
70	260	AML	0	FALSE	501	0.1186254295760286
70	270	AML	0	FALSE	501	4.239203807122693
70	472	AML	0	FALSE	501	2.8330143549723066
70	546	AML	0	FALSE	501	1.6811804676246263
70	566	AML	1	TRUE	501	10.115767813014413
70	576	PBMC	0	FALSE	501	3.3966468646378813
70	629	AML	0	FALSE	501	1.9443117149337799
70	673	PBMC	0	FALSE	501	6.907083737873983
70	773	AML	0	FALSE	501	4.05120268029843
70	990	AML	1	TRUE	501	4.156310493122794
71	018	AML	0	FALSE	501	0.7967949503672099
71	027	AML	0	FALSE	501	5.603982617041308
71	103	PBMC	1	TRUE	501	4.950244776503054
71	1360	AML	0	FALSE	501	5.338139270831963
71	168	AML	0	FALSE	501	1.977786673281245
71	1916	AML	0	FALSE	501	3.5246398120583176
71	260	AML	0	FALSE	501	2.9465056036760706
71	270	AML	0	FALSE	501	3.3325760245561122
71	472	AML	0	FALSE	501	3.8220987391329095
71	546	AML	0	FALSE	501	0.4202946231750671
71	566	AML	1	TRUE	501	9.272212530086616
71	576	PBMC	1	TRUE	501	17.105925910249205
71	629	AML	0	FALSE	501	4.457985172728579
71	673	PBMC	1	TRUE	501	5.855507854454056
71	773	AML	1	TRUE	501	12.45227429110133
71	990	AML	1	TRUE	501	24.531016010962084
72	018	AML	0	FALSE	501	0
72	027	AML	1	TRUE	501	5.874293253093422
72	103	PBMC	0	FALSE	501	1.923898781963927
72	1360	AML	0	FALSE	501	1.5769245950523727
72	168	AML	0	FALSE	501	1.4305620659849125
72	1916	AML	0	FALSE	501	1.3597813980308122
72	260	AML	0	FALSE	501	0.7653253521034104
72	270	AML	0	FALSE	501	0.9521644558021408
72	472	AML	0	FALSE	501	3.6454754432518324
72	546	AML	0	FALSE	501	4.721835409095902
72	566	AML	0	FALSE	501	2.770367086528542
72	576	PBMC	0	FALSE	501	0.385584036509196
72	629	AML	0	FALSE	501	0.7601592595467787
72	673	PBMC	1	TRUE	501	3.9179017374853413
72	773	AML	0	FALSE	501	0.5298838120496677
72	990	AML	0	FALSE	501	1.634898017504496
73	018	AML	0	FALSE	501	5.288613412670508
73	027	AML	0	FALSE	501	2.745950843997582
73	103	PBMC	0	FALSE	501	2.3231999234049145
73	1360	AML	0	FALSE	501	3.2190833094115265
73	168	AML	0	FALSE	501	0.9875031916681164
73	1916	AML	0	FALSE	501	2.451923349422371
73	260	AML	0	FALSE	501	0
73	270	AML	0	FALSE	501	0.6126963564021859
73	472	AML	1	TRUE	501	3.8079674281997833
73	546	AML	0	FALSE	501	4.192571530085124
73	566	AML	0	FALSE	501	2.537583916011209
73	576	PBMC	0	FALSE	501	2.141744057337443
73	629	AML	0	FALSE	501	2.974009516710293
73	673	PBMC	0	FALSE	501	3.904366379726433
73	773	AML	0	FALSE	501	5.5396957311801565
73	990	AML	0	FALSE	501	3.264775329959131
74	018	AML	0	FALSE	501	0.2801909913083988
74	027	AML	0	FALSE	501	1.5526336010344728
74	103	PBMC	0	FALSE	501	1.4681318967404242
74	1360	AML	0	FALSE	501	4.379839430074254
74	168	AML	0	FALSE	501	1.8569527719311134
74	1916	AML	0	FALSE	501	2.1389577491078784
74	260	AML	0	FALSE	501	2.7207324262150747
74	270	AML	0	FALSE	501	0.41398402459607153
74	472	AML	0	FALSE	501	0.777135728124135
74	546	AML	0	FALSE	501	2.1118513533693113
74	566	AML	1	TRUE	501	4.902304324323308
74	576	PBMC	0	FALSE	501	2.1662831839449153
74	629	AML	0	FALSE	501	1.6687161363289504
74	673	PBMC	0	FALSE	501	5.568145099038373
74	773	AML	0	FALSE	501	0.5491523143060193
74	990	AML	0	FALSE	501	1.3862733312709603
75	018	AML	0	FALSE	501	0
75	027	AML	0	FALSE	501	1.8526111039334905
75	103	PBMC	0	FALSE	501	1.328311249405562
75	1360	AML	0	FALSE	501	2.2225392754682285
75	168	AML	0	FALSE	501	1.033337243778739
75	1916	AML	0	FALSE	501	0.6561484841291538
75	260	AML	0	FALSE	501	0.4209289436568757
75	270	AML	0	FALSE	501	0.45538242705567866
75	472	AML	0	FALSE	501	2.3879282108086075
75	546	AML	0	FALSE	501	2.163740370801823
75	566	AML	0	FALSE	501	7.227847715099891
75	576	PBMC	0	FALSE	501	2.3135063938513962
75	629	AML	0	FALSE	501	0.9994125723124978
75	673	PBMC	0	FALSE	501	3.0703938364268777
75	773	AML	1	TRUE	501	4.239070577297858
75	990	AML	0	FALSE	501	1.0020344626165911
76	018	AML	0	FALSE	501	1.059472185884883
76	027	AML	0	FALSE	501	0.9922364034100682
76	103	PBMC	0	FALSE	501	3.595045196795892
76	1360	AML	0	FALSE	501	4.719519864537283
76	168	AML	0	FALSE	501	1.6597297148790189
76	1916	AML	0	FALSE	501	2.2231346951749273
76	260	AML	0	FALSE	501	1.706676774396154
76	270	AML	0	FALSE	501	1.8298124058279925
76	472	AML	0	FALSE	501	5.528267734065027
76	546	AML	0	FALSE	501	2.132608035367406
76	566	AML	0	FALSE	501	5.501555942489715
76	576	PBMC	0	FALSE	501	3.403658590392914
76	629	AML	0	FALSE	501	1.7686573911807733
76	673	PBMC	0	FALSE	501	6.346936937815653
76	773	AML	1	TRUE	501	10.992677562964891
76	990	AML	0	FALSE	501	5.8640372010762105
77	018	AML	1	TRUE	501	6.0635194302557
77	027	AML	0	FALSE	501	4.657898561683243
77	103	PBMC	0	FALSE	501	6.286625133065169
77	1360	AML	0	FALSE	501	2.278778404770735
77	168	AML	0	FALSE	501	3.2389039517400744
77	1916	AML	0	FALSE	501	2.1907589687796647
77	260	AML	0	FALSE	501	3.0880901447075333
77	270	AML	0	FALSE	501	3.121444602212506
77	472	AML	0	FALSE	501	5.764940660156889
77	546	AML	1	TRUE	501	11.718957607855577
77	566	AML	0	FALSE	501	11.302753566505904
77	576	PBMC	1	TRUE	501	5.398186293428767
77	629	AML	0	FALSE	501	3.2041766572141364
77	673	PBMC	0	FALSE	501	4.558217322279117
77	773	AML	1	TRUE	501	12.24031464449184
77	990	AML	1	TRUE	501	10.22124479535573
78	018	AML	1	TRUE	501	5.503131263032407
78	027	AML	0	FALSE	501	3.006373000002193
78	103	PBMC	1	TRUE	501	6.3713244469817765
78	1360	AML	0	FALSE	501	5.2774042355086275
78	168	AML	0	FALSE	501	3.363905238534162
78	1916	AML	0	FALSE	501	2.626752339437336
78	260	AML	0	FALSE	501	1.9094877528573224
78	270	AML	0	FALSE	501	1.6931964194703244
78	472	AML	0	FALSE	501	3.705528218113258
78	546	AML	2	TRUE	501	8.058247362068313
78	566	AML	0	FALSE	501	8.525445805814213
78	576	PBMC	2	TRUE	501	13.134409636080623
78	629	AML	0	FALSE	501	4.718438732409906
78	673	PBMC	0	FALSE	501	3.2630097333066717
78	773	AML	1	TRUE	501	15.766456628749946
78	990	AML	1	TRUE	501	15.12594134698133
79	018	AML	0	FALSE	501	0
79	027	AML	0	FALSE	501	0.7351121678799688
79	103	PBMC	0	FALSE	501	1.3094877958773614
79	1360	AML	0	FALSE	501	1.4824435213606753
79	168	AML	0	FALSE	501	0.3750019872973779
79	1916	AML	0	FALSE	501	0.5029032789542528
79	260	AML	0	FALSE	501	0.3176100211229153
79	270	AML	1	TRUE	501	3.187680606118695
79	472	AML	0	FALSE	501	2.804756441991962
79	546	AML	0	FALSE	501	0.2853852379583789
79	566	AML	0	FALSE	501	4.425214508574404
79	576	PBMC	0	FALSE	501	1.8718360122330413
79	629	AML	0	FALSE	501	1.0781541689189371
79	673	PBMC	0	FALSE	501	2.468601627978022
79	773	AML	0	FALSE	501	0.8333627225872048
79	990	AML	0	FALSE	501	0.5525008171142456
80	018	AML	0	FALSE	501	0
80	027	AML	0	FALSE	501	1.9844699791091645
80	103	PBMC	0	FALSE	501	2.6512448171417633
80	1360	AML	0	FALSE	501	0.8570724925595129
80	168	AML	0	FALSE	501	0.8097257880631559
80	1916	AML	0	FALSE	501	0.9712724271648658
80	260	AML	0	FALSE	501	0.4209289436568757
80	270	AML	0	FALSE	501	1.987125716523496
80	472	AML	0	FALSE	501	1.2398847298707791
80	546	AML	0	FALSE	501	0.46958843700424163
80	566	AML	0	FALSE	501	1.4589365751681451
80	576	PBMC	0	FALSE	501	2.040090864527963
80	629	AML	0	FALSE	501	1.3355786146042115
80	673	PBMC	1	TRUE	501	3.2317732636800067
80	773	AML	0	FALSE	501	0.5298838120496677
80	990	AML	0	FALSE	501	1.657500031465542
81	018	AML	0	FALSE	501	0
81	027	AML	0	FALSE	501	1.450443286857681
81	103	PBMC	0	FALSE	501	5.020153432549117
81	1360	AML	0	FALSE	501	2.7421809389681635
81	168	AML	0	FALSE	501	1.5638964290390471
81	1916	AML	0	FALSE	501	0.7338502901994778
81	260	AML	0	FALSE	501	1.683716374243091
81	270	AML	0	FALSE	501	3.055206298828125
81	472	AML	0	FALSE	501	1.1974959625693375
81	546	AML	0	FALSE	501	4.4468280112672
81	566	AML	0	FALSE	501	3.4595026194216487
81	576	PBMC	1	TRUE	501	10.684202872826429
81	629	AML	0	FALSE	501	4.152104935722199
81	673	PBMC	0	FALSE	501	3.21303328211436
81	773	AML	1	TRUE	501	9.82212291315882
81	990	AML	0	FALSE	501	6.095083884136406
82	018	AML	1	TRUE	501	7.20618101984203
82	027	AML	0	FALSE	501	0.8999335251882404
82	103	PBMC	0	FALSE	501	2.178000087509612
82	1360	AML	0	FALSE	501	3.5745086186898205
82	168	AML	0	FALSE	501	1.991676611338785
82	1916	AML	0	FALSE	501	0.423043101609586
82	260	AML	0	FALSE	501	4.259040305238522
82	270	AML	0	FALSE	501	1.3495880800806834
82	472	AML	0	FALSE	501	4.871232352808802
82	546	AML	1	TRUE	501	11.119650071728492
82	566	AML	0	FALSE	501	5.623709714817192
82	576	PBMC	0	FALSE	501	7.964072359774165
82	629	AML	0	FALSE	501	2.7983551834395786
82	673	PBMC	0	FALSE	501	3.254678980319086
82	773	AML	0	FALSE	501	6.112934068291487
82	990	AML	0	FALSE	501	7.66217059384801
83	018	AML	0	FALSE	501	0.8361949896860027
83	027	AML	0	FALSE	501	2.1459962979048313
83	103	PBMC	1	TRUE	501	6.577023251089983
83	1360	AML	0	FALSE	501	3.1965862821914004
83	168	AML	0	FALSE	501	2.83751427437255
83	1916	AML	0	FALSE	501	3.0951215487992214
83	260	AML	0	FALSE	501	0.5663407605565237
83	270	AML	0	FALSE	501	1.407548681704584
83	472	AML	0	FALSE	501	3.175662203939137
83	546	AML	1	TRUE	501	9.212760420854458
83	566	AML	1	TRUE	501	8.343379705965877
83	576	PBMC	1	TRUE	501	18.045349899642243
83	629	AML	0	FALSE	501	6.314467945022735
83	673	PBMC	0	FALSE	501	5.29015545740337
83	773	AML	0	FALSE	501	12.418549530044524
83	990	AML	1	TRUE	501	9.781755908520635
84	018	AML	1	TRUE	501	4.969020115877102
84	027	AML	0	FALSE	501	1.8031639924306355
84	103	PBMC	1	TRUE	501	5.727334859128484
84	1360	AML	0	FALSE	501	2.7106882486038817
84	168	AML	0	FALSE	501	2.48751227346485
84	1916	AML	0	FALSE	501	3.436146094651517
84	260	AML	0	FALSE	501	3.1225298350442667
84	270	AML	0	FALSE	501	1.9084679523627914
84	472	AML	0	FALSE	501	4.348431888454688
84	546	AML	1	TRUE	501	11.957645857881404
84	566	AML	1	TRUE	501	8.31111207360517
84	576	PBMC	2	TRUE	501	12.57356038255368
84	629	AML	0	FALSE	501	5.49071208017315
84	673	PBMC	0	FALSE	501	4.643592896337757
84	773	AML	1	TRUE	501	14.191249708453576
84	990	AML	1	TRUE	501	10.160977754288329
85	018	AML	0	FALSE	501	0
85	027	AML	0	FALSE	501	2.3602664218453353
85	103	PBMC	0	FALSE	501	2.488566608486061
85	1360	AML	0	FALSE	501	2.9626360275074393
85	168	AML	0	FALSE	501	2.7375137658414253
85	1916	AML	0	FALSE	501	2.678553593610813
85	260	AML	0	FALSE	501	1.6454495070223323
85	270	AML	0	FALSE	501	2.2769163325875104
85	472	AML	0	FALSE	501	3.133272525793064
85	546	AML	0	FALSE	501	5.46383580476224
85	566	AML	0	FALSE	501	4.466700288349997
85	576	PBMC	0	FALSE	501	3.775224392047661
85	629	AML	1	TRUE	501	9.140075525599801
85	673	PBMC	1	TRUE	501	3.632624067470223
85	773	AML	0	FALSE	501	4.181265037216826
85	990	AML	1	TRUE	501	6.901227890136475
86	018	AML	0	FALSE	501	2.0795441125919245
86	027	AML	0	FALSE	501	2.6437614711220867
86	103	PBMC	1	TRUE	501	6.801547096161071
86	1360	AML	0	FALSE	501	2.6611980038012812
86	168	AML	0	FALSE	501	3.0944585024477718
86	1916	AML	0	FALSE	501	2.1044236350202277
86	260	AML	0	FALSE	501	1.2627868309706272
86	270	AML	0	FALSE	501	1.7263155012073632
86	472	AML	0	FALSE	501	2.2148380101083993
86	546	AML	0	FALSE	501	3.258585660519476
86	566	AML	0	FALSE	501	4.547368471256036
86	576	PBMC	1	TRUE	501	17.169021007781495
86	629	AML	0	FALSE	501	1.9988251374867148
86	673	PBMC	1	TRUE	501	4.786232252558786
86	773	AML	0	FALSE	501	4.6966974963684995
86	990	AML	0	FALSE	501	4.1588224569956465
87	018	AML	0	FALSE	501	4.8026570336309495
87	027	AML	0	FALSE	501	0.5208413205936759
87	103	PBMC	0	FALSE	501	2.8757667791343735
87	1360	AML	0	FALSE	501	2.213540680632144
87	168	AML	0	FALSE	501	2.2180652989598806
87	1916	AML	0	FALSE	501	1.9360697357478494
87	260	AML	0	FALSE	501	1.2627868309706272
87	270	AML	0	FALSE	501	1.0680790632784725
87	472	AML	0	FALSE	501	4.351964003549602
87	546	AML	1	TRUE	501	11.005496705601553
87	566	AML	0	FALSE	501	5.301036521584212
87	576	PBMC	0	FALSE	501	2.1522609754474815
87	629	AML	0	FALSE	501	2.0018536604331163
87	673	PBMC	0	FALSE	501	4.170904014876741
87	773	AML	0	FALSE	501	3.0540576409436984
87	990	AML	0	FALSE	501	1.6775908398771
88	018	AML	1	TRUE	501	4.947131527160218
88	027	AML	0	FALSE	501	2.6767260376326814
88	103	PBMC	1	TRUE	501	5.1976224571882845
88	1360	AML	1	TRUE	501	5.7025640301123826
88	168	AML	0	FALSE	501	3.434737886021475
88	1916	AML	0	FALSE	501	2.4001221247537883
88	260	AML	0	FALSE	501	2.2615366153374405
88	270	AML	0	FALSE	501	2.289335073825128
88	472	AML	0	FALSE	501	4.592168780857931
88	546	AML	1	TRUE	501	16.139832209208294
88	566	AML	0	FALSE	501	8.790498605983224
88	576	PBMC	0	FALSE	501	5.724179186982785
88	629	AML	0	FALSE	501	4.63969573336923
88	673	PBMC	1	TRUE	501	5.714950305497099
88	773	AML	1	TRUE	501	16.67689792553108
88	990	AML	1	TRUE	501	10.160983210314296
89	018	AML	1	TRUE	501	4.3517276284223545
89	027	AML	0	FALSE	501	2.8811072084956066
89	103	PBMC	1	TRUE	501	12.78566650668542
89	1360	AML	0	FALSE	501	1.7321417193688795
89	168	AML	0	FALSE	501	2.6291785135478554
89	1916	AML	0	FALSE	501	2.5620008866468114
89	260	AML	0	FALSE	501	3.179931197099819
89	270	AML	0	FALSE	501	6.089712330443178
89	472	AML	0	FALSE	501	5.726084230664723
89	546	AML	1	TRUE	501	20.11707792358246
89	566	AML	0	FALSE	501	3.657715841205772
89	576	PBMC	2	TRUE	501	16.068358582174945
89	629	AML	1	TRUE	501	5.514938631695426
89	673	PBMC	1	TRUE	501	6.814418668042638
89	773	AML	1	TRUE	501	18.19428553933393
89	990	AML	1	TRUE	501	7.875631066853415
90	018	AML	0	FALSE	501	4.303566660947666
90	027	AML	0	FALSE	501	0.9691610935919299
90	103	PBMC	1	TRUE	501	6.594499669270125
90	1360	AML	0	FALSE	501	5.248158220521466
90	168	AML	0	FALSE	501	2.8152907441952033
90	1916	AML	0	FALSE	501	2.3332122607145482
90	260	AML	0	FALSE	501	1.6110098661776788
90	270	AML	0	FALSE	501	1.3785672416230161
90	472	AML	0	FALSE	501	4.6769498722281995
90	546	AML	1	TRUE	501	9.064877904579786
90	566	AML	0	FALSE	501	3.300471918787547
90	576	PBMC	0	FALSE	501	3.7857347762513305
90	629	AML	1	TRUE	501	5.914703693932402
90	673	PBMC	1	TRUE	501	4.1094749680536236
90	773	AML	0	FALSE	501	4.855662601912569
90	990	AML	0	FALSE	501	4.9172553973283595
91	018	AML	0	FALSE	501	0.4815782663113105
91	027	AML	0	FALSE	501	1.424071559411085
91	103	PBMC	0	FALSE	501	1.9373442621050243
91	1360	AML	0	FALSE	501	2.5374734154242478
91	168	AML	0	FALSE	501	1.7916746482163846
91	1916	AML	0	FALSE	501	1.070558055432257
91	260	AML	0	FALSE	501	1.6454503065097832
91	270	AML	0	FALSE	501	1.3620092397678398
91	472	AML	0	FALSE	501	2.709379310379485
91	546	AML	0	FALSE	501	1.5047597123715215
91	566	AML	0	FALSE	501	4.4229087458399245
91	576	PBMC	0	FALSE	501	2.6640367460346033
91	629	AML	0	FALSE	501	2.5106455249462774
91	673	PBMC	0	FALSE	501	3.6513619713202683
91	773	AML	0	FALSE	501	1.9268502256351554
91	990	AML	1	TRUE	501	4.643518000067827
92	018	AML	0	FALSE	501	0.4815782663113105
92	027	AML	0	FALSE	501	2.673430380469073
92	103	PBMC	0	FALSE	501	4.178534142747373
92	1360	AML	0	FALSE	501	1.2147487233022969
92	168	AML	0	FALSE	501	1.6402851569200467
92	1916	AML	0	FALSE	501	0.6906826148727935
92	260	AML	0	FALSE	501	0.6543531760484159
92	270	AML	0	FALSE	501	1.3702877210285849
92	472	AML	0	FALSE	501	1.2363534796975568
92	546	AML	0	FALSE	501	4.335266913958415
92	566	AML	0	FALSE	501	3.1368301885570595
92	576	PBMC	1	TRUE	501	9.828899419712211
92	629	AML	0	FALSE	501	1.3325500964166637
92	673	PBMC	0	FALSE	501	4.524900478279282
92	773	AML	0	FALSE	501	2.8421041161238314
92	990	AML	0	FALSE	501	5.000129320188435
93	018	AML	0	FALSE	501	0.4815782663113105
93	027	AML	0	FALSE	501	2.5184951009388694
93	103	PBMC	0	FALSE	501	2.657966094340631
93	1360	AML	0	FALSE	501	1.133765302970262
93	168	AML	0	FALSE	501	2.8069578325915003
93	1916	AML	0	FALSE	501	1.631737692865307
93	260	AML	0	FALSE	501	1.6224907458185436
93	270	AML	0	FALSE	501	3.9742517138193705
93	472	AML	0	FALSE	501	2.2148380172466804
93	546	AML	1	TRUE	501	4.84896228413382
93	566	AML	0	FALSE	501	4.609597581113408
93	576	PBMC	0	FALSE	501	3.3020046504433758
93	629	AML	0	FALSE	501	3.313204081948408
93	673	PBMC	0	FALSE	501	3.5045593379738325
93	773	AML	0	FALSE	501	3.3816222078547984
93	990	AML	0	FALSE	501	5.404459291827417
94	018	AML	0	FALSE	501	0
94	027	AML	0	FALSE	501	0.03626113832591774
94	103	PBMC	0	FALSE	501	1.426455088123352
94	1360	AML	1	TRUE	501	3.5092718967658554
94	168	AML	0	FALSE	501	0.3625013547505209
94	1916	AML	0	FALSE	501	0.8482445890080191
94	260	AML	0	FALSE	501	0.4209289436568757
94	270	AML	0	FALSE	501	1.163296508218
94	472	AML	0	FALSE	501	2.0240853479998315
94	546	AML	0	FALSE	501	1.2738559257960367
94	566	AML	0	FALSE	501	1.8000461588838619
94	576	PBMC	0	FALSE	501	1.5493479355604587
94	629	AML	0	FALSE	501	0.4573069649066278
94	673	PBMC	0	FALSE	501	2.42174753695429
94	773	AML	0	FALSE	501	0
94	990	AML	0	FALSE	501	1.833297059445562
95	018	AML	1	TRUE	501	9.657850244563972
95	027	AML	1	TRUE	501	4.532635486530449
95	103	PBMC	1	TRUE	501	11.689946693336655
95	1360	AML	1	TRUE	501	5.826290987684817
95	168	AML	0	FALSE	501	4.797246125881782
95	1916	AML	0	FALSE	501	3.468521854120814
95	260	AML	0	FALSE	501	3.3674421424637297
95	270	AML	1	TRUE	501	11.032690140539538
95	472	AML	1	TRUE	501	6.164107764076568
95	546	AML	1	TRUE	501	17.167220331475644
95	566	AML	0	FALSE	501	12.429794696990601
95	576	PBMC	1	TRUE	501	20.022344692976414
95	629	AML	1	TRUE	501	10.275774710430595
95	673	PBMC	1	TRUE	501	10.34604602231237
95	773	AML	1	TRUE	501	26.41230102927385
95	990	AML	1	TRUE	501	14.683946858861013
96	018	AML	0	FALSE	501	0.6435636831614786
96	027	AML	0	FALSE	501	1.269138362355337
96	103	PBMC	0	FALSE	501	1.855332173273235
96	1360	AML	0	FALSE	501	1.219248177762517
96	168	AML	0	FALSE	501	1.2972276786606232
96	1916	AML	0	FALSE	501	1.2389119618429156
96	260	AML	0	FALSE	501	0.8418578873137514
96	270	AML	0	FALSE	501	1.366147281167036
96	472	AML	0	FALSE	501	0.8866412170870813
96	546	AML	0	FALSE	501	3.108108839351022
96	566	AML	1	TRUE	501	6.836032745604982
96	576	PBMC	0	FALSE	501	0.8658114274342855
96	629	AML	0	FALSE	501	1.3991775955268724
96	673	PBMC	1	TRUE	501	3.2942432172284155
96	773	AML	0	FALSE	501	1.9316673511992433
96	990	AML	0	FALSE	501	1.1476917112182952
97	018	AML	0	FALSE	501	0
97	027	AML	0	FALSE	501	0.8636728332428161
97	103	PBMC	0	FALSE	501	0.7367545497155713
97	1360	AML	0	FALSE	501	0.24744950130790055
97	168	AML	0	FALSE	501	1.086116133097879
97	1916	AML	0	FALSE	501	0.23742214886252275
97	260	AML	0	FALSE	501	0
97	270	AML	0	FALSE	501	0.31048801844705365
97	472	AML	0	FALSE	501	2.7199800047807825
97	546	AML	0	FALSE	501	2.0132651176757204
97	566	AML	0	FALSE	501	2.862559134850721
97	576	PBMC	0	FALSE	501	0.5818813641866049
97	629	AML	0	FALSE	501	1.441576922487118
97	673	PBMC	1	TRUE	501	2.4300775166281205
97	773	AML	0	FALSE	501	0
97	990	AML	0	FALSE	501	0.41688632060905656
98	018	AML	0	FALSE	501	0.4815782663113105
98	027	AML	0	FALSE	501	1.9053535946828877
98	103	PBMC	0	FALSE	501	1.577032408433522
98	1360	AML	0	FALSE	501	1.2125003625770767
98	168	AML	0	FALSE	501	0.45833495324719215
98	1916	AML	0	FALSE	501	1.6533215217247694
98	260	AML	0	FALSE	501	0
98	270	AML	0	FALSE	501	0.91076505398322
98	472	AML	0	FALSE	501	3.1191425996864153
98	546	AML	0	FALSE	501	1.8212784778572129
98	566	AML	0	FALSE	501	1.5211661180812204
98	576	PBMC	0	FALSE	501	1.0025191192855378
98	629	AML	0	FALSE	501	1.7898570494261568
98	673	PBMC	1	TRUE	501	3.3671254923719607
98	773	AML	0	FALSE	501	1.5896514361490033
98	990	AML	0	FALSE	501	1.5294202280615619
99	018	AML	1	TRUE	501	9.98181703799737
99	027	AML	1	TRUE	501	5.768808837898239
99	103	PBMC	1	TRUE	501	8.172873866296339
99	1360	AML	1	TRUE	501	10.296114289118144
99	168	AML	1	TRUE	501	4.716691224636908
99	1916	AML	1	TRUE	501	5.510349443572724
99	260	AML	1	TRUE	501	6.428735127706013
99	270	AML	1	TRUE	501	13.644932424236915
99	472	AML	0	FALSE	501	4.581575284936947
99	546	AML	1	TRUE	501	18.114203744305822
99	566	AML	1	TRUE	501	7.283167820014877
99	576	PBMC	1	TRUE	501	29.409573444587267
99	629	AML	1	TRUE	501	6.880799156463075
99	673	PBMC	1	TRUE	501	5.1454343334167545
99	773	AML	1	TRUE	501	28.233166994448908
99	990	AML	1	TRUE	501	18.009005087340427
100	018	AML	0	FALSE	501	5.393678942126428
100	027	AML	0	FALSE	501	3.6425907711782854
100	103	PBMC	1	TRUE	501	8.266991351654905
100	1360	AML	0	FALSE	501	5.965757882047794
100	168	AML	1	TRUE	501	3.4444616207343612
100	1916	AML	0	FALSE	501	3.727527829939258
100	260	AML	1	TRUE	501	4.963140457214234
100	270	AML	0	FALSE	501	7.733229324013411
100	472	AML	0	FALSE	501	5.058453463270754
100	546	AML	2	TRUE	501	9.287995691071014
100	566	AML	0	FALSE	501	5.268770760404849
100	576	PBMC	2	TRUE	501	13.172975530643425
100	629	AML	1	TRUE	501	8.918999066609823
100	673	PBMC	1	TRUE	501	3.809619484309427
100	773	AML	1	TRUE	501	14.740404413607783
100	990	AML	1	TRUE	501	14.49559906904331
101	018	AML	0	FALSE	501	0
101	027	AML	0	FALSE	501	3.0426334687573706
101	103	PBMC	0	FALSE	501	1.7692893339012434
101	1360	AML	0	FALSE	501	0.4948978033846248
101	168	AML	0	FALSE	501	2.2514001537939747
101	1916	AML	0	FALSE	501	1.5346104491970496
101	260	AML	0	FALSE	501	0.4209289436568757
101	270	AML	0	FALSE	501	3.8914550849777494
101	472	AML	0	FALSE	501	3.2887002638951985
101	546	AML	0	FALSE	501	2.490638573012666
101	566	AML	0	FALSE	501	5.326390201222159
101	576	PBMC	0	FALSE	501	0.5257964134216309
101	629	AML	0	FALSE	501	1.2416944008863378
101	673	PBMC	1	TRUE	501	8.33868270481894
101	773	AML	0	FALSE	501	0
101	990	AML	0	FALSE	501	3.3401160064095747
102	018	AML	0	FALSE	501	0.6654539241524275
102	027	AML	0	FALSE	501	0.5109518040677983
102	103	PBMC	0	FALSE	501	2.3917651495295846
102	1360	AML	0	FALSE	501	4.65203010488651
102	168	AML	0	FALSE	501	1.8250073458620175
102	1916	AML	0	FALSE	501	1.2324367932930678
102	260	AML	0	FALSE	501	0.8418578873137514
102	270	AML	0	FALSE	501	2.2562153325109424
102	472	AML	0	FALSE	501	3.557165742872242
102	546	AML	0	FALSE	501	2.1533645032170767
102	566	AML	1	TRUE	501	7.601225219086973
102	576	PBMC	0	FALSE	501	1.0235503514607747
102	629	AML	0	FALSE	501	4.464042792063274
102	673	PBMC	0	FALSE	501	3.287996321619152
102	773	AML	1	TRUE	501	11.642992850073322
102	990	AML	0	FALSE	501	3.008615185876568
103	018	AML	1	TRUE	501	5.433089262473131
103	027	AML	0	FALSE	501	2.920664591227701
103	103	PBMC	1	TRUE	501	12.965822495862158
103	1360	AML	1	TRUE	501	12.563639181102822
103	168	AML	1	TRUE	501	3.8847410379055733
103	1916	AML	1	TRUE	501	4.567135878427775
103	260	AML	1	TRUE	501	4.637877610867133
103	270	AML	1	TRUE	501	9.120078422828112
103	472	AML	0	FALSE	501	2.15478701743775
103	546	AML	1	TRUE	501	17.07902952987039
103	566	AML	0	FALSE	501	4.939183984212057
103	576	PBMC	1	TRUE	501	19.97678451576157
103	629	AML	1	TRUE	501	8.57677368394391
103	673	PBMC	1	TRUE	501	6.819622794073261
103	773	AML	1	TRUE	501	36.8317469218058
103	990	AML	1	TRUE	501	15.645812480987427
104	018	AML	0	FALSE	501	0
104	027	AML	0	FALSE	501	1.6152661108447168
104	103	PBMC	0	FALSE	501	1.9561655835477179
104	1360	AML	0	FALSE	501	1.7456374035148088
104	168	AML	0	FALSE	501	0.9347258461211732
104	1916	AML	0	FALSE	501	1.4655421853303434
104	260	AML	0	FALSE	501	0.9719633970431939
104	270	AML	0	FALSE	501	3.556127596758083
104	472	AML	0	FALSE	501	3.532436719673598
104	546	AML	0	FALSE	501	0
104	566	AML	0	FALSE	501	5.047511129322166
104	576	PBMC	0	FALSE	501	1.3951131502787273
104	629	AML	0	FALSE	501	0.6632465252619304
104	673	PBMC	1	TRUE	501	5.624369232002609
104	773	AML	0	FALSE	501	3.9018717164288974
104	990	AML	0	FALSE	501	0.7006695020698501
105	018	AML	0	FALSE	501	0.45093237663695435
105	027	AML	0	FALSE	501	0.042854072566993695
105	103	PBMC	1	TRUE	501	3.164821804640536
105	1360	AML	0	FALSE	501	2.4429924240607224
105	168	AML	0	FALSE	501	0.22361229612917718
105	1916	AML	0	FALSE	501	0.8050769229610999
105	260	AML	0	FALSE	501	0.7500188450613422
105	270	AML	0	FALSE	501	1.6890564193268736
105	472	AML	0	FALSE	501	3.804437347276958
105	546	AML	0	FALSE	501	0.6693581035751068
105	566	AML	0	FALSE	501	2.7104424925859343
105	576	PBMC	0	FALSE	501	0.771168073018392
105	629	AML	0	FALSE	501	1.1508387053560116
105	673	PBMC	0	FALSE	501	3.581604922840933
105	773	AML	0	FALSE	501	0.5298838120496677
105	990	AML	0	FALSE	501	0.1908633190238785
106	018	AML	0	FALSE	501	0
106	027	AML	0	FALSE	501	0.9889380184714189
106	103	PBMC	0	FALSE	501	1.457376905782018
106	1360	AML	0	FALSE	501	0.9245599194201167
106	168	AML	0	FALSE	501	1.2819498084976289
106	1916	AML	0	FALSE	501	1.8583679272980984
106	260	AML	0	FALSE	501	0
106	270	AML	0	FALSE	501	0
106	472	AML	0	FALSE	501	1.5542736310444907
106	546	AML	0	FALSE	501	2.7163520487482677
106	566	AML	0	FALSE	501	2.4223421543182253
106	576	PBMC	0	FALSE	501	1.458208719889323
106	629	AML	0	FALSE	501	0.3331375241041659
106	673	PBMC	1	TRUE	501	4.095939779947856
106	773	AML	0	FALSE	501	1.6667254451744096
106	990	AML	0	FALSE	501	1.3561367417523962
107	018	AML	0	FALSE	501	0.13133952717581196
107	027	AML	0	FALSE	501	1.0219030085200083
107	103	PBMC	1	TRUE	501	2.6498997436312144
107	1360	AML	0	FALSE	501	0.6546160082617206
107	168	AML	0	FALSE	501	1.9055648606694386
107	1916	AML	0	FALSE	501	2.397963774894288
107	260	AML	0	FALSE	501	0
107	270	AML	0	FALSE	501	0.7451730431196932
107	472	AML	0	FALSE	501	2.578680612845811
107	546	AML	0	FALSE	501	0.2594411254167081
107	566	AML	0	FALSE	501	1.1570074496392957
107	576	PBMC	1	TRUE	501	3.5789284301613145
107	629	AML	0	FALSE	501	1.3628353163629712
107	673	PBMC	0	FALSE	501	0.8329316908251978
107	773	AML	0	FALSE	501	0
107	990	AML	0	FALSE	501	5.077984173616725
108	018	AML	0	FALSE	501	0
108	027	AML	0	FALSE	501	1.450443329687366
108	103	PBMC	0	FALSE	501	0.6856667686127379
108	1360	AML	0	FALSE	501	1.8243725045236523
108	168	AML	0	FALSE	501	0.9027822050981655
108	1916	AML	0	FALSE	501	0.7122664561052761
108	260	AML	0	FALSE	501	0
108	270	AML	0	FALSE	501	0
108	472	AML	0	FALSE	501	1.2716766460213118
108	546	AML	0	FALSE	501	2.1533643223806296
108	566	AML	0	FALSE	501	2.489182268550058
108	576	PBMC	0	FALSE	501	1.156752109527588
108	629	AML	0	FALSE	501	1.2719796374886336
108	673	PBMC	1	TRUE	501	2.5508527793808136
108	773	AML	0	FALSE	501	3.1793029103688375
108	990	AML	0	FALSE	501	1.2807952405925758
109	018	AML	0	FALSE	501	0.963156532622621
109	027	AML	0	FALSE	501	1.0878319464281885
109	103	PBMC	1	TRUE	501	2.5611657883354764
109	1360	AML	0	FALSE	501	1.1855052790479983
109	168	AML	0	FALSE	501	1.1263940253419553
109	1916	AML	0	FALSE	501	0.9496886025883718
109	260	AML	0	FALSE	501	0.8418578873137514
109	270	AML	0	FALSE	501	1.933307593454144
109	472	AML	0	FALSE	501	0.625241017627145
109	546	AML	0	FALSE	501	1.4269261897918946
109	566	AML	0	FALSE	501	1.4474126926201307
109	576	PBMC	0	FALSE	501	2.968999265434737
109	629	AML	0	FALSE	501	2.2653351520111937
109	673	PBMC	0	FALSE	501	1.6075592671563763
109	773	AML	0	FALSE	501	3.150400123672333
109	990	AML	0	FALSE	501	2.7047400134290287
110	018	AML	0	FALSE	501	0
110	027	AML	0	FALSE	501	1.0977235511391463
110	103	PBMC	0	FALSE	501	1.208654665542458
110	1360	AML	0	FALSE	501	0.5691338530081713
110	168	AML	0	FALSE	501	1.9750081883695074
110	1916	AML	0	FALSE	501	0.7942850071037125
110	260	AML	0	FALSE	501	0.4209289436568757
110	270	AML	0	FALSE	501	2.8854725279969844
110	472	AML	0	FALSE	501	1.5542730361877564
110	546	AML	0	FALSE	501	0.2853852379583789
110	566	AML	0	FALSE	501	1.9729078953375598
110	576	PBMC	0	FALSE	501	0.771168073018392
110	629	AML	0	FALSE	501	0.6662750482083318
110	673	PBMC	1	TRUE	501	2.1801979399012947
110	773	AML	0	FALSE	501	2.3892942797875927
110	990	AML	0	FALSE	501	2.5440123430983035
111	018	AML	0	FALSE	501	0
111	027	AML	0	FALSE	501	0.9592711325891004
111	103	PBMC	0	FALSE	501	1.438555022675596
111	1360	AML	0	FALSE	501	2.006584024238967
111	168	AML	0	FALSE	501	0.5000021771756474
111	1916	AML	0	FALSE	501	1.238911952325208
111	260	AML	0	FALSE	501	0.6084336549222112
111	270	AML	0	FALSE	501	1.8173936655421457
111	472	AML	0	FALSE	501	0.9749525297663645
111	546	AML	0	FALSE	501	0.39953933314173046
111	566	AML	1	TRUE	501	3.4157113771952554
111	576	PBMC	0	FALSE	501	0
111	629	AML	0	FALSE	501	1.2780366833814365
111	673	PBMC	1	TRUE	501	3.5160113297060818
111	773	AML	0	FALSE	501	0.7611058391258864
111	990	AML	0	FALSE	501	0.3993058197512598
112	018	AML	0	FALSE	501	0
112	027	AML	0	FALSE	501	0.6461061565224044
112	103	PBMC	0	FALSE	501	0.618443392707916
112	1360	AML	0	FALSE	501	0.6546160082617206
112	168	AML	0	FALSE	501	0.9055598158084466
112	1916	AML	0	FALSE	501	2.164858345024124
112	260	AML	0	FALSE	501	0.4209289436568757
112	270	AML	0	FALSE	501	1.097059464026354
112	472	AML	0	FALSE	501	3.8856829854542623
112	546	AML	0	FALSE	501	2.521770713334074
112	566	AML	0	FALSE	501	2.5352776883367056
112	576	PBMC	0	FALSE	501	0.7536415259043375
112	629	AML	0	FALSE	501	1.5445467026647692
112	673	PBMC	1	TRUE	501	2.1364690039210217
112	773	AML	0	FALSE	501	3.5068674706175416
112	990	AML	0	FALSE	501	0.1531927987724959
113	018	AML	0	FALSE	501	0
113	027	AML	0	FALSE	501	1.4504423303280525
113	103	PBMC	0	FALSE	501	1.4277991444288851
113	1360	AML	1	TRUE	501	2.317019377401965
113	168	AML	0	FALSE	501	1.2194497513913822
113	1916	AML	0	FALSE	501	1.109408966795413
113	260	AML	0	FALSE	501	0.4209289436568757
113	270	AML	0	FALSE	501	0.01655936098384286
113	472	AML	0	FALSE	501	2.4868349224745394
113	546	AML	0	FALSE	501	0.7108686836417801
113	566	AML	0	FALSE	501	0.6868296478560822
113	576	PBMC	0	FALSE	501	0.08412742614746094
113	629	AML	0	FALSE	501	0.3331375241041659
113	673	PBMC	0	FALSE	501	2.209350333242359
113	773	AML	0	FALSE	501	1.9316673511992433
113	990	AML	0	FALSE	501	0.27624930926187785
114	018	AML	0	FALSE	501	0
114	027	AML	0	FALSE	501	0.36261138325917747
114	103	PBMC	0	FALSE	501	1.2530211512438076
114	1360	AML	0	FALSE	501	1.4464515992505347
114	168	AML	0	FALSE	501	0.6388916274506651
114	1916	AML	0	FALSE	501	0.9950146420511181
114	260	AML	0	FALSE	501	0.8418578873137514
114	270	AML	0	FALSE	501	0
114	472	AML	0	FALSE	501	0.31791916150532795
114	546	AML	0	FALSE	501	3.115892465718968
114	566	AML	0	FALSE	501	1.1086082282418501
114	576	PBMC	0	FALSE	501	0.7396202882130941
114	629	AML	0	FALSE	501	0.9388421133844677
114	673	PBMC	1	TRUE	501	2.9287951389948526
114	773	AML	0	FALSE	501	0
114	990	AML	0	FALSE	501	0.47715789781597084
115	018	AML	0	FALSE	501	0
115	027	AML	0	FALSE	501	0.9559746654685624
115	103	PBMC	0	FALSE	501	1.5756885115495938
115	1360	AML	0	FALSE	501	0.5871301803760186
115	168	AML	0	FALSE	501	0.5416682427990698
115	1916	AML	0	FALSE	501	1.2777628494118025
115	260	AML	0	FALSE	501	0
115	270	AML	0	FALSE	501	0.827969448295182
115	472	AML	0	FALSE	501	1.8015427051666015
115	546	AML	0	FALSE	501	0.31132935050004973
115	566	AML	0	FALSE	501	1.5234706896745753
115	576	PBMC	0	FALSE	501	0.8447795708974203
115	629	AML	0	FALSE	501	0.6662750482083318
115	673	PBMC	1	TRUE	501	3.3421371344796675
115	773	AML	0	FALSE	501	1.1127560053043022
115	990	AML	0	FALSE	501	0.8287501263761234
116	018	AML	0	FALSE	501	0.9631571322382091
116	027	AML	0	FALSE	501	1.5196691344598097
116	103	PBMC	0	FALSE	501	0.6318876617207023
116	1360	AML	0	FALSE	501	2.7534290744872862
116	168	AML	0	FALSE	501	1.1138939224555344
116	1916	AML	0	FALSE	501	1.8993772075561706
116	260	AML	0	FALSE	501	1.9171412062502193
116	270	AML	0	FALSE	501	2.1609998739170218
116	472	AML	0	FALSE	501	0.9926142709221907
116	546	AML	1	TRUE	501	4.9864599152715385
116	566	AML	0	FALSE	501	2.5629349849419203
116	576	PBMC	0	FALSE	501	2.7025939552132003
116	629	AML	0	FALSE	501	3.5797140940934598
116	673	PBMC	0	FALSE	501	0.08537558857314363
116	773	AML	1	TRUE	501	6.512757531659094
116	990	AML	1	TRUE	501	5.781158756115241
117	018	AML	0	FALSE	501	0
117	027	AML	0	FALSE	501	0.7252225666464922
117	103	PBMC	0	FALSE	501	0
117	1360	AML	1	TRUE	501	3.3787978157073915
117	168	AML	0	FALSE	501	0.5555578786693885
117	1916	AML	0	FALSE	501	1.513026615102848
117	260	AML	0	FALSE	501	0
117	270	AML	0	FALSE	501	0
117	472	AML	0	FALSE	501	1.55427145624827
117	546	AML	0	FALSE	501	1.6604243876215465
117	566	AML	0	FALSE	501	1.774694224793516
117	576	PBMC	0	FALSE	501	0
117	629	AML	0	FALSE	501	1.0963253065973462
117	673	PBMC	0	FALSE	501	0.47581314445731643
117	773	AML	0	FALSE	501	1.3873321700714782
117	990	AML	0	FALSE	501	0.58263522660185
118	018	AML	0	FALSE	501	0
118	027	AML	0	FALSE	501	0.7252227665183549
118	103	PBMC	0	FALSE	501	0.2688882117737791
118	1360	AML	0	FALSE	501	1.345222089580909
118	168	AML	0	FALSE	501	1.170838619658571
118	1916	AML	0	FALSE	501	0.4748442977250455
118	260	AML	0	FALSE	501	0
118	270	AML	0	FALSE	501	0.9107668528299846
118	472	AML	0	FALSE	501	1.0985873247573
118	546	AML	0	FALSE	501	0.6252531122542665
118	566	AML	0	FALSE	501	1.0579013695973836
118	576	PBMC	0	FALSE	501	0.771168073018392
118	629	AML	0	FALSE	501	0.49364924026344587
118	673	PBMC	1	TRUE	501	2.9110957581601933
118	773	AML	0	FALSE	501	1.9509358548832512
118	990	AML	0	FALSE	501	0.6102602374767829
119	018	AML	0	FALSE	501	0
119	027	AML	0	FALSE	501	1.2889180445147608
119	103	PBMC	0	FALSE	501	0.747510264257709
119	1360	AML	0	FALSE	501	0.9897958232971009
119	168	AML	0	FALSE	501	0.959725699738828
119	1916	AML	0	FALSE	501	1.5022346873483259
119	260	AML	0	FALSE	501	0
119	270	AML	1	TRUE	501	1.9912634152852133
119	472	AML	0	FALSE	501	0.777135728124135
119	546	AML	0	FALSE	501	0.9988483328543262
119	566	AML	0	FALSE	501	1.3552204910628571
119	576	PBMC	0	FALSE	501	1.542336146036784
119	629	AML	0	FALSE	501	0
119	673	PBMC	0	FALSE	501	0
119	773	AML	0	FALSE	501	2.5049052933257023
119	990	AML	0	FALSE	501	0.27624930926187785
120	018	AML	0	FALSE	501	0
120	027	AML	0	FALSE	501	1.4834076059078742
120	103	PBMC	0	FALSE	501	1.8432329454107912
120	1360	AML	0	FALSE	501	1.282234541670291
120	168	AML	0	FALSE	501	0.34722392906447846
120	1916	AML	0	FALSE	501	0.8892538666487216
120	260	AML	0	FALSE	501	0.8418578873137514
120	270	AML	0	FALSE	501	1.821531935366328
120	472	AML	0	FALSE	501	0.777135728124135
120	546	AML	0	FALSE	501	0.6226587010000995
120	566	AML	0	FALSE	501	0.5992475288832735
120	576	PBMC	0	FALSE	501	0
120	629	AML	0	FALSE	501	0
120	673	PBMC	1	TRUE	501	3.196375129703514
120	773	AML	0	FALSE	501	1.0597676240993354
120	990	AML	0	FALSE	501	1.3812491232287623
121	018	AML	0	FALSE	501	2.000741395645751
121	027	AML	0	FALSE	501	0.84719204997826
121	103	PBMC	1	TRUE	501	3.0774330013764355
121	1360	AML	1	TRUE	501	3.9974195390880225
121	168	AML	0	FALSE	501	2.4597343389621513
121	1916	AML	0	FALSE	501	1.325247286322588
121	260	AML	0	FALSE	501	0.4209289436568757
121	270	AML	0	FALSE	501	2.0906228019805724
121	472	AML	0	FALSE	501	4.026979090448863
121	546	AML	1	TRUE	501	9.90806103680662
121	566	AML	0	FALSE	501	2.2817499385384505
121	576	PBMC	1	TRUE	501	4.830318340522324
121	629	AML	0	FALSE	501	1.9412831919873783
121	673	PBMC	1	TRUE	501	1.1869271025210322
121	773	AML	2	TRUE	501	14.446559083200025
121	990	AML	1	TRUE	501	8.561241909653365
122	018	AML	0	FALSE	501	0
122	027	AML	0	FALSE	501	0.05274347392860763
122	103	PBMC	0	FALSE	501	1.274533239667287
122	1360	AML	0	FALSE	501	0.8885674645562848
122	168	AML	0	FALSE	501	1.4583388131535695
122	1916	AML	0	FALSE	501	0.6928409980442709
122	260	AML	0	FALSE	501	0
122	270	AML	0	FALSE	501	0
122	472	AML	0	FALSE	501	1.7308944047330144
122	546	AML	0	FALSE	501	1.1415409518335156
122	566	AML	1	TRUE	501	3.076904993095322
122	576	PBMC	0	FALSE	501	0
122	629	AML	0	FALSE	501	1.6354023815391068
122	673	PBMC	0	FALSE	501	1.3764191768364515
122	773	AML	0	FALSE	501	0.9441566105612261
122	990	AML	0	FALSE	501	0.8287499265042607
123	018	AML	0	FALSE	501	0
123	027	AML	0	FALSE	501	0.9658624378744951
123	103	PBMC	0	FALSE	501	1.5084654901793855
123	1360	AML	1	TRUE	501	2.3417653292714955
123	168	AML	0	FALSE	501	0.30972374746661463
123	1916	AML	0	FALSE	501	1.8367841027216045
123	260	AML	0	FALSE	501	0.4209289436568757
123	270	AML	0	FALSE	501	0.45538242705567866
123	472	AML	0	FALSE	501	0
123	546	AML	0	FALSE	501	2.1585525405145214
123	566	AML	0	FALSE	501	1.6617591190718843
123	576	PBMC	0	FALSE	501	0
123	629	AML	0	FALSE	501	1.5445466955264886
123	673	PBMC	0	FALSE	501	0.7100743412257668
123	773	AML	0	FALSE	501	3.718820973546681
123	990	AML	0	FALSE	501	1.913660303085388
124	018	AML	0	FALSE	501	0
124	027	AML	0	FALSE	501	0.36261138325917747
124	103	PBMC	0	FALSE	501	3.041133135854603
124	1360	AML	0	FALSE	501	1.145013680715047
124	168	AML	0	FALSE	501	1.2208377491690203
124	1916	AML	0	FALSE	501	1.0554493715663156
124	260	AML	0	FALSE	501	1.262787630458078
124	270	AML	0	FALSE	501	1.7635751027546958
124	472	AML	0	FALSE	501	2.9425208313974314
124	546	AML	0	FALSE	501	4.361212099383691
124	566	AML	0	FALSE	501	0.5070549094986297
124	576	PBMC	0	FALSE	501	1.0621087551116943
124	629	AML	0	FALSE	501	2.716585048896348
124	673	PBMC	1	TRUE	501	2.688285835250885
124	773	AML	0	FALSE	501	3.2419255331842725
124	990	AML	0	FALSE	501	1.2757725282581505
125	018	AML	0	FALSE	501	4.338590709035268
125	027	AML	0	FALSE	501	1.4504441339336707
125	103	PBMC	0	FALSE	501	1.1037878063386548
125	1360	AML	1	TRUE	501	9.297315284401595
125	168	AML	0	FALSE	501	1.0444488325518761
125	1916	AML	1	TRUE	501	3.807388000145644
125	260	AML	0	FALSE	501	1.2627868309706272
125	270	AML	1	TRUE	501	9.612724603055241
125	472	AML	0	FALSE	501	1.1268468057799959
125	546	AML	1	TRUE	501	18.36844446368798
125	566	AML	0	FALSE	501	1.4842881109424217
125	576	PBMC	1	TRUE	501	7.441780803684227
125	629	AML	1	TRUE	501	6.998913990523287
125	673	PBMC	0	FALSE	501	1.067193568347695
125	773	AML	1	TRUE	501	11.879043062290032
125	990	AML	1	TRUE	501	12.757732629300115
126	018	AML	0	FALSE	501	1.8387555552575878
126	027	AML	1	TRUE	501	4.1700230696482095
126	103	PBMC	0	FALSE	501	1.0486654012265082
126	1360	AML	0	FALSE	501	2.6949405394152492
126	168	AML	0	FALSE	501	0.9305597731691159
126	1916	AML	0	FALSE	501	2.259827216228325
126	260	AML	0	FALSE	501	0.7079259506956546
126	270	AML	0	FALSE	501	4.0984465357310285
126	472	AML	0	FALSE	501	1.6072582794044783
126	546	AML	2	TRUE	501	9.695317035187742
126	566	AML	0	FALSE	501	3.5424759635430374
126	576	PBMC	1	TRUE	501	4.395662652280278
126	629	AML	0	FALSE	501	2.8831538402153822
126	673	PBMC	0	FALSE	501	1.5180178973489178
126	773	AML	0	FALSE	501	3.6851011064952006
126	990	AML	1	TRUE	501	5.075475184027544
127	018	AML	0	FALSE	501	2.4078953194760992
127	027	AML	0	FALSE	501	2.1426986029999937
127	103	PBMC	0	FALSE	501	1.5582105689895842
127	1360	AML	1	TRUE	501	4.445076667382094
127	168	AML	0	FALSE	501	0.4583351959487397
127	1916	AML	0	FALSE	501	1.614470640818278
127	260	AML	0	FALSE	501	0.4209289436568757
127	270	AML	0	FALSE	501	1.9167486322140266
127	472	AML	0	FALSE	501	0.7170843309509064
127	546	AML	1	TRUE	501	8.403299954123126
127	566	AML	1	TRUE	501	3.9550322467933396
127	576	PBMC	1	TRUE	501	4.367618362822695
127	629	AML	0	FALSE	501	4.421642283479611
127	673	PBMC	0	FALSE	501	0.8933199798751496
127	773	AML	1	TRUE	501	6.869223533752198
127	990	AML	1	TRUE	501	7.154871724798769
128	018	AML	0	FALSE	501	0
128	027	AML	0	FALSE	501	0.36261138325917747
128	103	PBMC	0	FALSE	501	0.6318879125123015
128	1360	AML	0	FALSE	501	0.472403593405992
128	168	AML	0	FALSE	501	1.7472294790302207
128	1916	AML	0	FALSE	501	0.9496886073472257
128	260	AML	0	FALSE	501	0.4209289436568757
128	270	AML	0	FALSE	501	2.5584249248999558
128	472	AML	0	FALSE	501	2.4833032773164456
128	546	AML	0	FALSE	501	2.6125740976390723
128	566	AML	0	FALSE	501	1.5926142095805642
128	576	PBMC	0	FALSE	501	0.5293017228444418
128	629	AML	0	FALSE	501	0.3603942306217795
128	673	PBMC	1	TRUE	501	2.3457437032711006
128	773	AML	0	FALSE	501	0.5298838120496677
128	990	AML	0	FALSE	501	0.5273864216909199
129	018	AML	0	FALSE	501	0
129	027	AML	1	TRUE	501	4.291991677350865
129	103	PBMC	0	FALSE	501	1.1562215924976829
129	1360	AML	1	TRUE	501	3.291066777682352
129	168	AML	0	FALSE	501	0.7625032508682587
129	1916	AML	0	FALSE	501	1.5043931059732647
129	260	AML	0	FALSE	501	0.887777408439956
129	270	AML	0	FALSE	501	1.8215319068132045
129	472	AML	0	FALSE	501	2.320811244066128
129	546	AML	0	FALSE	501	2.389455917114745
129	566	AML	0	FALSE	501	2.7680629184859957
129	576	PBMC	0	FALSE	501	1.5423381257199955
129	629	AML	0	FALSE	501	2.2289928666607826
129	673	PBMC	1	TRUE	501	2.111482253331624
129	773	AML	0	FALSE	501	1.1127560053043022
129	990	AML	0	FALSE	501	0.19839723119716682
130	018	AML	0	FALSE	501	0
130	027	AML	0	FALSE	501	1.4504427348306317
130	103	PBMC	0	FALSE	501	1.680555224656583
130	1360	AML	0	FALSE	501	1.003292392589851
130	168	AML	0	FALSE	501	0.37222346669423606
130	1916	AML	0	FALSE	501	0.23742214886252275
130	260	AML	0	FALSE	501	0
130	270	AML	0	FALSE	501	2.7033188785621505
130	472	AML	1	TRUE	501	4.6628176761482525
130	546	AML	0	FALSE	501	0.5707704759167578
130	566	AML	0	FALSE	501	0.9242219901132488
130	576	PBMC	0	FALSE	501	0.771168073018392
130	629	AML	0	FALSE	501	0.3331375241041659
130	673	PBMC	0	FALSE	501	0.8308496132582247
130	773	AML	0	FALSE	501	1.3536122835086968
130	990	AML	0	FALSE	501	0
131	018	AML	0	FALSE	501	0
131	027	AML	0	FALSE	501	1.8196466278411194
131	103	PBMC	0	FALSE	501	1.6442541179066885
131	1360	AML	0	FALSE	501	1.2709869498502233
131	168	AML	0	FALSE	501	1.2555614198277334
131	1916	AML	0	FALSE	501	2.6138020658683394
131	260	AML	0	FALSE	501	0.026786387323619362
131	270	AML	0	FALSE	501	0
131	472	AML	0	FALSE	501	1.0032115763057017
131	546	AML	0	FALSE	501	0.7731345537417901
131	566	AML	0	FALSE	501	2.3439786586456908
131	576	PBMC	0	FALSE	501	0.19980263710021973
131	629	AML	0	FALSE	501	1.720201026417776
131	673	PBMC	1	TRUE	501	4.58320544960494
131	773	AML	0	FALSE	501	0.5298838120496677
131	990	AML	0	FALSE	501	1.3686920380639935
132	018	AML	0	FALSE	501	1.7249275890890947
132	027	AML	0	FALSE	501	0
132	103	PBMC	0	FALSE	501	0.9061542825546569
132	1360	AML	0	FALSE	501	1.9368494385016892
132	168	AML	0	FALSE	501	1.1222261759097467
132	1916	AML	0	FALSE	501	1.2971882972412718
132	260	AML	0	FALSE	501	0.4209289436568757
132	270	AML	0	FALSE	501	0.45538242705567866
132	472	AML	0	FALSE	501	2.663457040539283
132	546	AML	0	FALSE	501	0.9339880515001491
132	566	AML	0	FALSE	501	1.1846649156597084
132	576	PBMC	0	FALSE	501	1.542336146036784
132	629	AML	0	FALSE	501	1.2840937292742396
132	673	PBMC	1	TRUE	501	2.3363734992916236
132	773	AML	0	FALSE	501	0
132	990	AML	0	FALSE	501	0.8212144553304432
133	018	AML	0	FALSE	501	0.6610758199901162
133	027	AML	0	FALSE	501	0.26371657015558725
133	103	PBMC	0	FALSE	501	0.9411108803130434
133	1360	AML	0	FALSE	501	0.9043142310159649
133	168	AML	0	FALSE	501	0.6402800145025501
133	1916	AML	0	FALSE	501	0.3712419054941265
133	260	AML	0	FALSE	501	0
133	270	AML	0	FALSE	501	1.6973357000750695
133	472	AML	0	FALSE	501	0.5651896204539164
133	546	AML	0	FALSE	501	1.6085349775835902
133	566	AML	0	FALSE	501	1.546519003942341
133	576	PBMC	0	FALSE	501	0.385584036509196
133	629	AML	0	FALSE	501	0.3331375241041659
133	673	PBMC	1	TRUE	501	3.253638153304597
133	773	AML	0	FALSE	501	0.6262263233314256
133	990	AML	0	FALSE	501	1.2305687002079215
134	018	AML	0	FALSE	501	1.7511960893809915
134	027	AML	0	FALSE	501	0.8603769191010984
134	103	PBMC	0	FALSE	501	0.6910441983007861
134	1360	AML	0	FALSE	501	1.5094381699305095
134	168	AML	0	FALSE	501	1.716675384315902
134	1916	AML	0	FALSE	501	2.61596047759294
134	260	AML	0	FALSE	501	0
134	270	AML	0	FALSE	501	2.6495010029532002
134	472	AML	0	FALSE	501	0.777135728124135
134	546	AML	0	FALSE	501	2.2571409510043328
134	566	AML	0	FALSE	501	2.399294225517623
134	576	PBMC	0	FALSE	501	0.7361149787902832
134	629	AML	0	FALSE	501	2.032138892276558
134	673	PBMC	1	TRUE	501	4.271896409179398
134	773	AML	1	TRUE	501	3.2756454787568416
134	990	AML	1	TRUE	501	3.8951277359279093
135	018	AML	1	TRUE	501	8.655296721144351
135	027	AML	2	TRUE	501	5.976483788556919
135	103	PBMC	2	TRUE	501	15.617067165717394
135	1360	AML	1	TRUE	501	7.693406740348496
135	168	AML	1	TRUE	501	5.150025795081894
135	1916	AML	0	FALSE	501	3.233258050358938
135	260	AML	0	FALSE	501	1.4694250358079008
135	270	AML	1	TRUE	501	5.249325145028546
135	472	AML	1	TRUE	501	5.14676598541275
135	546	AML	1	TRUE	501	16.57050495185776
135	566	AML	1	TRUE	501	6.619383373184356
135	576	PBMC	1	TRUE	501	39.546936115105
135	629	AML	1	TRUE	501	8.310263169263889
135	673	PBMC	1	TRUE	501	11.742251948206249
135	773	AML	1	TRUE	501	16.91774450709482
135	990	AML	1	TRUE	501	24.16687832145158
136	018	AML	0	FALSE	501	3.2222022182213332
136	027	AML	0	FALSE	501	1.9482096602578838
136	103	PBMC	1	TRUE	501	3.921744659275352
136	1360	AML	0	FALSE	501	2.384506094717456
136	168	AML	1	TRUE	501	2.0472316294611095
136	1916	AML	0	FALSE	501	2.67855355625381
136	260	AML	0	FALSE	501	1.6837165741149538
136	270	AML	0	FALSE	501	3.4236526070478672
136	472	AML	0	FALSE	501	3.694930674787053
136	546	AML	1	TRUE	501	4.381967778215389
136	566	AML	1	TRUE	501	6.547932494424298
136	576	PBMC	0	FALSE	501	7.655607168308038
136	629	AML	0	FALSE	501	5.087918530919119
136	673	PBMC	1	TRUE	501	1.650245700767654
136	773	AML	1	TRUE	501	7.957896150752694
136	990	AML	1	TRUE	501	9.980153934684342
137	018	AML	0	FALSE	501	0.963156532622621
137	027	AML	0	FALSE	501	1.4504433154108043
137	103	PBMC	0	FALSE	501	1.0486666361490886
137	1360	AML	0	FALSE	501	0.35992494838204453
137	168	AML	0	FALSE	501	0.5083352182201759
137	1916	AML	0	FALSE	501	1.0791915976358746
137	260	AML	0	FALSE	501	1.3201862323783828
137	270	AML	0	FALSE	501	0.45538242705567866
137	472	AML	0	FALSE	501	0.23314071843724052
137	546	AML	0	FALSE	501	0.36321757558339135
137	566	AML	0	FALSE	501	2.9455322324634787
137	576	PBMC	0	FALSE	501	0.385584036509196
137	629	AML	0	FALSE	501	0.7753018742787862
137	673	PBMC	1	TRUE	501	1.6033936617617122
137	773	AML	0	FALSE	501	0
137	990	AML	0	FALSE	501	0.3666581741112197
138	018	AML	0	FALSE	501	0
138	027	AML	0	FALSE	501	1.45044272055407
138	103	PBMC	0	FALSE	501	1.214032521147928
138	1360	AML	0	FALSE	501	2.204541622283692
138	168	AML	0	FALSE	501	0.5847246737299328
138	1916	AML	0	FALSE	501	0.5978721384992619
138	260	AML	0	FALSE	501	0
138	270	AML	0	FALSE	501	1.680776938706815
138	472	AML	0	FALSE	501	1.1657035921862025
138	546	AML	0	FALSE	501	0.31132935050004973
138	566	AML	0	FALSE	501	2.952446534486112
138	576	PBMC	0	FALSE	501	0
138	629	AML	0	FALSE	501	0.5633052680306806
138	673	PBMC	1	TRUE	501	1.9969541550634389
138	773	AML	0	FALSE	501	1.0597676240993354
138	990	AML	0	FALSE	501	0.9442713631841237
139	018	AML	0	FALSE	501	2.6749524770382638
139	027	AML	1	TRUE	501	3.8634514075791286
139	103	PBMC	0	FALSE	501	1.7907981470435441
139	1360	AML	0	FALSE	501	1.6691543537223648
139	168	AML	0	FALSE	501	0.7416699299079453
139	1916	AML	0	FALSE	501	0.8223439883329198
139	260	AML	0	FALSE	501	1.7602483098378439
139	270	AML	0	FALSE	501	1.080499503426923
139	472	AML	0	FALSE	501	1.5542734359314818
139	546	AML	1	TRUE	501	2.776023204217176
139	566	AML	0	FALSE	501	3.256681308061063
139	576	PBMC	1	TRUE	501	3.088179557385321
139	629	AML	0	FALSE	501	0.6662750482083318
139	673	PBMC	0	FALSE	501	0.9308007962689429
139	773	AML	0	FALSE	501	2.6012478236428755
139	990	AML	0	FALSE	501	2.7373880588127943
140	018	AML	0	FALSE	501	0
140	027	AML	0	FALSE	501	2.538274843059852
140	103	PBMC	1	TRUE	501	2.5410001411171494
140	1360	AML	0	FALSE	501	1.8063759599141256
140	168	AML	0	FALSE	501	0.5277790376050268
140	1916	AML	0	FALSE	501	0.6302478955891317
140	260	AML	0	FALSE	501	0
140	270	AML	0	FALSE	501	0.8321086889255547
140	472	AML	0	FALSE	501	1.0597305383510933
140	546	AML	0	FALSE	501	1.556648134947299
140	566	AML	0	FALSE	501	2.2863603199789386
140	576	PBMC	0	FALSE	501	0
140	629	AML	0	FALSE	501	0.3331375241041659
140	673	PBMC	1	TRUE	501	2.3051385812892646
140	773	AML	0	FALSE	501	0.5298838120496677
140	990	AML	0	FALSE	501	0.909112782297496
141	018	AML	0	FALSE	501	0.4815782663113105
141	027	AML	0	FALSE	501	0.794448176305927
141	103	PBMC	0	FALSE	501	1.0728670653706778
141	1360	AML	0	FALSE	501	0.5803805582537622
141	168	AML	0	FALSE	501	0.9958368537430754
141	1916	AML	0	FALSE	501	0.23742214886252275
141	260	AML	0	FALSE	501	0
141	270	AML	0	FALSE	501	1.4406666041848188
141	472	AML	0	FALSE	501	1.5542718512331417
141	546	AML	0	FALSE	501	1.4269273747465092
141	566	AML	0	FALSE	501	2.6827843022679616
141	576	PBMC	0	FALSE	501	0.9218963781992594
141	629	AML	0	FALSE	501	0.8601005167780285
141	673	PBMC	1	TRUE	501	2.7028620552398013
141	773	AML	0	FALSE	501	2.1195352672340864
141	990	AML	0	FALSE	501	0.8387951141821886
142	018	AML	0	FALSE	501	0.4421764081585669
142	027	AML	0	FALSE	501	0
142	103	PBMC	0	FALSE	501	1.1683211606181787
142	1360	AML	0	FALSE	501	1.0820269844013297
142	168	AML	0	FALSE	501	0.3208347099745821
142	1916	AML	0	FALSE	501	0.4748442977250455
142	260	AML	0	FALSE	501	1.683716374243091
142	270	AML	0	FALSE	501	3.175262126618041
142	472	AML	0	FALSE	501	0
142	546	AML	0	FALSE	501	1.3802273796941944
142	566	AML	0	FALSE	501	1.5050330290537395
142	576	PBMC	0	FALSE	501	0.18227608998616537
142	629	AML	0	FALSE	501	0.41793616660340815
142	673	PBMC	1	TRUE	501	2.7819904962223685
142	773	AML	0	FALSE	501	1.0597676240993354
142	990	AML	0	FALSE	501	0.8588842160687475
143	018	AML	0	FALSE	501	0.4815782663113105
143	027	AML	0	FALSE	501	1.5196679352286333
143	103	PBMC	0	FALSE	501	0.5512225616002036
143	1360	AML	0	FALSE	501	1.2192473687573584
143	168	AML	0	FALSE	501	1.1833376451404747
143	1916	AML	0	FALSE	501	0.30217364400684715
143	260	AML	0	FALSE	501	1.2627868309706272
143	270	AML	0	FALSE	501	0.9977014992765324
143	472	AML	0	FALSE	501	2.9389883938901677
143	546	AML	1	TRUE	501	5.917855561374428
143	566	AML	0	FALSE	501	1.2676381493756872
143	576	PBMC	0	FALSE	501	0.7010618845621744
143	629	AML	0	FALSE	501	1.2719796136943642
143	673	PBMC	0	FALSE	501	2.0490113646684294
143	773	AML	0	FALSE	501	2.1291694993268466
143	990	AML	0	FALSE	501	2.6118202218990363
144	018	AML	0	FALSE	501	1.2696176279566722
144	027	AML	0	FALSE	501	1.9482094461094595
144	103	PBMC	0	FALSE	501	0.7327219019393008
144	1360	AML	1	TRUE	501	2.769173290677175
144	168	AML	1	TRUE	501	4.648633701834612
144	1916	AML	0	FALSE	501	1.3619397978582781
144	260	AML	0	FALSE	501	1.6071840389046126
144	270	AML	0	FALSE	501	2.15686096545465
144	472	AML	0	FALSE	501	3.0096365063490267
144	546	AML	0	FALSE	501	5.165478736578585
144	566	AML	0	FALSE	501	3.9296823242705265
144	576	PBMC	0	FALSE	501	1.5423367313758103
144	629	AML	0	FALSE	501	2.032138863723435
144	673	PBMC	0	FALSE	501	2.541482584443159
144	773	AML	1	TRUE	501	9.489742805381972
144	990	AML	1	TRUE	501	7.3683396713462415
145	018	AML	0	FALSE	501	0.4815782663113105
145	027	AML	0	FALSE	501	1.4899997159154592
145	103	PBMC	0	FALSE	501	1.0782440634306796
145	1360	AML	1	TRUE	501	3.6982324684927326
145	168	AML	0	FALSE	501	4.627801009518896
145	1916	AML	0	FALSE	501	0.949688595450091
145	260	AML	0	FALSE	501	1.7258086689931904
145	270	AML	0	FALSE	501	0.008279700479107702
145	472	AML	0	FALSE	501	1.5931282426544768
145	546	AML	0	FALSE	501	2.3116232066335316
145	566	AML	1	TRUE	501	5.215758530203692
145	576	PBMC	0	FALSE	501	1.507283051808675
145	629	AML	0	FALSE	501	2.574243902446267
145	673	PBMC	0	FALSE	501	1.7449919720609746
145	773	AML	0	FALSE	501	2.119535248198671
145	990	AML	0	FALSE	501	3.621389263880229
146	018	AML	0	FALSE	501	0
146	027	AML	0	FALSE	501	0.3296467120537977
146	103	PBMC	0	FALSE	501	1.0123656503930538
146	1360	AML	1	TRUE	501	5.014208921177421
146	168	AML	0	FALSE	501	0.5625027239679576
146	1916	AML	0	FALSE	501	0.49426974626834286
146	260	AML	0	FALSE	501	2.066378450679208
146	270	AML	0	FALSE	501	3.2787555591788835
146	472	AML	0	FALSE	501	0.7135518958230694
146	546	AML	1	TRUE	501	6.875195556534027
146	566	AML	0	FALSE	501	1.6341012328446745
146	576	PBMC	0	FALSE	501	0.7501362164815267
146	629	AML	0	FALSE	501	0.6299327728515137
146	673	PBMC	0	FALSE	501	1.1244569281618038
146	773	AML	1	TRUE	501	9.836571405985636
146	990	AML	1	TRUE	501	5.128208417854386
147	018	AML	0	FALSE	501	0
147	027	AML	0	FALSE	501	1.0878335501619443
147	103	PBMC	0	FALSE	501	0.5458436159792537
147	1360	AML	0	FALSE	501	0.6321207989237742
147	168	AML	0	FALSE	501	0.11250059618921338
147	1916	AML	0	FALSE	501	1.0532910090958525
147	260	AML	0	FALSE	501	0
147	270	AML	0	FALSE	501	0.45538242705567866
147	472	AML	0	FALSE	501	0.010597305383510933
147	546	AML	0	FALSE	501	0.5707704759167578
147	566	AML	0	FALSE	501	1.454325980055118
147	576	PBMC	0	FALSE	501	1.0445824031106488
147	629	AML	0	FALSE	501	0.9994125604153631
147	673	PBMC	1	TRUE	501	2.580005708092939
147	773	AML	0	FALSE	501	2.423014168253916
147	990	AML	0	FALSE	501	0.5525008171142456
148	018	AML	0	FALSE	501	1.1601666228737897
148	027	AML	0	FALSE	501	0.5439167679426913
148	103	PBMC	0	FALSE	501	1.8418893676080152
148	1360	AML	1	TRUE	501	3.623997799650638
148	168	AML	0	FALSE	501	1.3277843764680113
148	1916	AML	0	FALSE	501	0.7122664465875683
148	260	AML	0	FALSE	501	0
148	270	AML	0	FALSE	501	0.9107652538550828
148	472	AML	0	FALSE	501	0.3885678640620675
148	546	AML	0	FALSE	501	1.5696208990976481
148	566	AML	0	FALSE	501	1.3160393637811352
148	576	PBMC	2	TRUE	501	4.725163043854003
148	629	AML	0	FALSE	501	0
148	673	PBMC	0	FALSE	501	0.6788396668767263
148	773	AML	0	FALSE	501	5.183230833141152
148	990	AML	0	FALSE	501	1.4214328610730504
149	018	AML	0	FALSE	501	0
149	027	AML	0	FALSE	501	0.9625683991970893
149	103	PBMC	0	FALSE	501	1.8459219800497957
149	1360	AML	0	FALSE	501	0
149	168	AML	0	FALSE	501	1.6236177023775324
149	1916	AML	0	FALSE	501	0.5417541760408474
149	260	AML	0	FALSE	501	0
149	270	AML	0	FALSE	501	0.34774702037879807
149	472	AML	0	FALSE	501	1.557803891376107
149	546	AML	0	FALSE	501	2.1326096176863194
149	566	AML	0	FALSE	501	0.4379103750049949
149	576	PBMC	0	FALSE	501	0
149	629	AML	0	FALSE	501	0.6632465252619304
149	673	PBMC	1	TRUE	501	2.184361840912444
149	773	AML	0	FALSE	501	2.119535291028356
149	990	AML	0	FALSE	501	1.1049994189820127
150	018	AML	0	FALSE	501	0.963156532622621
150	027	AML	0	FALSE	501	2.047102041587144
150	103	PBMC	1	TRUE	501	2.873078535059969
150	1360	AML	1	TRUE	501	4.238118798908835
150	168	AML	0	FALSE	501	0.2916678078398257
150	1916	AML	0	FALSE	501	1.0446574549951002
150	260	AML	0	FALSE	501	0
150	270	AML	0	FALSE	501	2.6950395978139547
150	472	AML	0	FALSE	501	0.5793193609652643
150	546	AML	1	TRUE	501	9.220540195644022
150	566	AML	0	FALSE	501	1.4981175896650303
150	576	PBMC	1	TRUE	501	6.221935142300086
150	629	AML	0	FALSE	501	2.516702554183092
150	673	PBMC	0	FALSE	501	1.415983828717839
150	773	AML	1	TRUE	501	10.862622006448682
150	990	AML	1	TRUE	501	7.169940321983216
151	018	AML	0	FALSE	501	0.4815782663113105
151	027	AML	1	TRUE	501	2.2119256022447598
151	103	PBMC	0	FALSE	501	2.03279904500691
151	1360	AML	1	TRUE	501	4.386589248737176
151	168	AML	0	FALSE	501	1.319450808618359
151	1916	AML	0	FALSE	501	0.7122664465875683
151	260	AML	0	FALSE	501	0
151	270	AML	0	FALSE	501	0.0827968049192143
151	472	AML	0	FALSE	501	0
151	546	AML	0	FALSE	501	2.1014764875233056
151	566	AML	0	FALSE	501	0.25352695506965806
151	576	PBMC	0	FALSE	501	0.21031856536865234
151	629	AML	0	FALSE	501	1.1841524577664282
151	673	PBMC	0	FALSE	501	0.5622293206745993
151	773	AML	0	FALSE	501	1.1079388797402143
151	990	AML	0	FALSE	501	0.8312614837330496
