GSM	sample_id	group	assay	mark	track_type	status	n_intervals	file_size_bytes	elapsed_seconds	output_file	error_message	fname	url	GSE	title
GSM4604262	018	AML	ATAC-seq	NA	ATAC-seq	success	2750	100805	1.423340082168579	C:/Users/Wolff/OneDrive - Universität Salzburg/Scripts_Computing/R/GSE152136_DNMT3A/tracks/regional_1d/ATAC-seq/GSM4604262_018_ATAC-seq_DNMT3A.bedGraph	NA	GSM4604262_018_ATAC-seq.10bp.RPGC.bigwig	https://ftp.ncbi.nlm.nih.gov/geo/samples/GSM4604nnn/GSM4604262/suppl//GSM4604262_018_ATAC-seq.10bp.RPGC.bigwig	GSE152134	018_ATAC-seq
GSM4604269	027	AML	ATAC-seq	NA	ATAC-seq	success	8270	312211	1.274317979812622	C:/Users/Wolff/OneDrive - Universität Salzburg/Scripts_Computing/R/GSE152136_DNMT3A/tracks/regional_1d/ATAC-seq/GSM4604269_027_ATAC-seq_DNMT3A.bedGraph	NA	GSM4604269_027_ATAC-seq.10bp.RPGC.bigwig	https://ftp.ncbi.nlm.nih.gov/geo/samples/GSM4604nnn/GSM4604269/suppl//GSM4604269_027_ATAC-seq.10bp.RPGC.bigwig	GSE152134	027_ATAC-seq
GSM4604267	1360	AML	ATAC-seq	NA	ATAC-seq	success	16476	635950	1.5109539031982422	C:/Users/Wolff/OneDrive - Universität Salzburg/Scripts_Computing/R/GSE152136_DNMT3A/tracks/regional_1d/ATAC-seq/GSM4604267_1360_ATAC-seq_DNMT3A.bedGraph	NA	GSM4604267_1360_ATAC-seq.10bp.RPGC.bigwig	https://ftp.ncbi.nlm.nih.gov/geo/samples/GSM4604nnn/GSM4604267/suppl//GSM4604267_1360_ATAC-seq.10bp.RPGC.bigwig	GSE152134	1360_ATAC-seq
GSM4604268	168	AML	ATAC-seq	NA	ATAC-seq	success	15804	618526	1.3231000900268555	C:/Users/Wolff/OneDrive - Universität Salzburg/Scripts_Computing/R/GSE152136_DNMT3A/tracks/regional_1d/ATAC-seq/GSM4604268_168_ATAC-seq_DNMT3A.bedGraph	NA	GSM4604268_168_ATAC-seq.10bp.RPGC.bigwig	https://ftp.ncbi.nlm.nih.gov/geo/samples/GSM4604nnn/GSM4604268/suppl//GSM4604268_168_ATAC-seq.10bp.RPGC.bigwig	GSE152134	168_ATAC-seq
GSM4604265	1916	AML	ATAC-seq	NA	ATAC-seq	success	14762	568984	1.259091854095459	C:/Users/Wolff/OneDrive - Universität Salzburg/Scripts_Computing/R/GSE152136_DNMT3A/tracks/regional_1d/ATAC-seq/GSM4604265_1916_ATAC-seq_DNMT3A.bedGraph	NA	GSM4604265_1916_ATAC-seq.10bp.RPGC.bigwig	https://ftp.ncbi.nlm.nih.gov/geo/samples/GSM4604nnn/GSM4604265/suppl//GSM4604265_1916_ATAC-seq.10bp.RPGC.bigwig	GSE152134	1916_ATAC-seq
GSM4604263	260	AML	ATAC-seq	NA	ATAC-seq	success	3283	117247	1.2809631824493408	C:/Users/Wolff/OneDrive - Universität Salzburg/Scripts_Computing/R/GSE152136_DNMT3A/tracks/regional_1d/ATAC-seq/GSM4604263_260_ATAC-seq_DNMT3A.bedGraph	NA	GSM4604263_260_ATAC-seq.10bp.RPGC.bigwig	https://ftp.ncbi.nlm.nih.gov/geo/samples/GSM4604nnn/GSM4604263/suppl//GSM4604263_260_ATAC-seq.10bp.RPGC.bigwig	GSE152134	260_ATAC-seq
GSM4604259	270	AML	ATAC-seq	NA	ATAC-seq	success	8278	306131	1.2514760494232178	C:/Users/Wolff/OneDrive - Universität Salzburg/Scripts_Computing/R/GSE152136_DNMT3A/tracks/regional_1d/ATAC-seq/GSM4604259_270_ATAC-seq_DNMT3A.bedGraph	NA	GSM4604259_270_ATAC-seq.10bp.RPGC.bigwig	https://ftp.ncbi.nlm.nih.gov/geo/samples/GSM4604nnn/GSM4604259/suppl//GSM4604259_270_ATAC-seq.10bp.RPGC.bigwig	GSE152134	270_ATAC-seq
GSM4604266	472	AML	ATAC-seq	NA	ATAC-seq	success	11594	440345	1.2089290618896484	C:/Users/Wolff/OneDrive - Universität Salzburg/Scripts_Computing/R/GSE152136_DNMT3A/tracks/regional_1d/ATAC-seq/GSM4604266_472_ATAC-seq_DNMT3A.bedGraph	NA	GSM4604266_472_ATAC-seq.10bp.RPGC.bigwig	https://ftp.ncbi.nlm.nih.gov/geo/samples/GSM4604nnn/GSM4604266/suppl//GSM4604266_472_ATAC-seq.10bp.RPGC.bigwig	GSE152134	472_ATAC-seq
GSM4604264	546	AML	ATAC-seq	NA	ATAC-seq	success	13086	501895	1.2110061645507813	C:/Users/Wolff/OneDrive - Universität Salzburg/Scripts_Computing/R/GSE152136_DNMT3A/tracks/regional_1d/ATAC-seq/GSM4604264_546_ATAC-seq_DNMT3A.bedGraph	NA	GSM4604264_546_ATAC-seq.10bp.RPGC.bigwig	https://ftp.ncbi.nlm.nih.gov/geo/samples/GSM4604nnn/GSM4604264/suppl//GSM4604264_546_ATAC-seq.10bp.RPGC.bigwig	GSE152134	546_ATAC-seq
GSM4604261	566	AML	ATAC-seq	NA	ATAC-seq	success	21838	873782	1.3663849830627441	C:/Users/Wolff/OneDrive - Universität Salzburg/Scripts_Computing/R/GSE152136_DNMT3A/tracks/regional_1d/ATAC-seq/GSM4604261_566_ATAC-seq_DNMT3A.bedGraph	NA	GSM4604261_566_ATAC-seq.10bp.RPGC.bigwig	https://ftp.ncbi.nlm.nih.gov/geo/samples/GSM4604nnn/GSM4604261/suppl//GSM4604261_566_ATAC-seq.10bp.RPGC.bigwig	GSE152134	566_ATAC-seq
GSM4604258	629	AML	ATAC-seq	NA	ATAC-seq	success	10880	411212	1.4253079891204834	C:/Users/Wolff/OneDrive - Universität Salzburg/Scripts_Computing/R/GSE152136_DNMT3A/tracks/regional_1d/ATAC-seq/GSM4604258_629_ATAC-seq_DNMT3A.bedGraph	NA	GSM4604258_629_ATAC-seq.10bp.RPGC.bigwig	https://ftp.ncbi.nlm.nih.gov/geo/samples/GSM4604nnn/GSM4604258/suppl//GSM4604258_629_ATAC-seq.10bp.RPGC.bigwig	GSE152134	629_ATAC-seq
GSM4604260	773	AML	ATAC-seq	NA	ATAC-seq	success	7731	290444	1.4584550857543945	C:/Users/Wolff/OneDrive - Universität Salzburg/Scripts_Computing/R/GSE152136_DNMT3A/tracks/regional_1d/ATAC-seq/GSM4604260_773_ATAC-seq_DNMT3A.bedGraph	NA	GSM4604260_773_ATAC-seq.10bp.RPGC.bigwig	https://ftp.ncbi.nlm.nih.gov/geo/samples/GSM4604nnn/GSM4604260/suppl//GSM4604260_773_ATAC-seq.10bp.RPGC.bigwig	GSE152134	773_ATAC-seq
GSM4604270	990	AML	ATAC-seq	NA	ATAC-seq	success	12319	470727	1.3969790935516357	C:/Users/Wolff/OneDrive - Universität Salzburg/Scripts_Computing/R/GSE152136_DNMT3A/tracks/regional_1d/ATAC-seq/GSM4604270_990_ATAC-seq_DNMT3A.bedGraph	NA	GSM4604270_990_ATAC-seq.10bp.RPGC.bigwig	https://ftp.ncbi.nlm.nih.gov/geo/samples/GSM4604nnn/GSM4604270/suppl//GSM4604270_990_ATAC-seq.10bp.RPGC.bigwig	GSE152134	990_ATAC-seq
GSM4604256	103	PBMC	ATAC-seq	NA	ATAC-seq	success	16594	648229	1.2669391632080078	C:/Users/Wolff/OneDrive - Universität Salzburg/Scripts_Computing/R/GSE152136_DNMT3A/tracks/regional_1d/ATAC-seq/GSM4604256_103_ATAC-seq_DNMT3A.bedGraph	NA	GSM4604256_103_ATAC-seq.10bp.RPGC.bigwig	https://ftp.ncbi.nlm.nih.gov/geo/samples/GSM4604nnn/GSM4604256/suppl//GSM4604256_103_ATAC-seq.10bp.RPGC.bigwig	GSE152134	103_ATAC-seq
GSM4604255	576	PBMC	ATAC-seq	NA	ATAC-seq	already_exists	NA	270640	NA	C:/Users/Wolff/OneDrive - Universität Salzburg/Scripts_Computing/R/GSE152136_DNMT3A/tracks/regional_1d/ATAC-seq/GSM4604255_576_ATAC-seq_DNMT3A.bedGraph	NA	GSM4604255_576_ATAC-seq.10bp.RPGC.bigwig	https://ftp.ncbi.nlm.nih.gov/geo/samples/GSM4604nnn/GSM4604255/suppl//GSM4604255_576_ATAC-seq.10bp.RPGC.bigwig	GSE152134	576_ATAC-seq
GSM4604257	673	PBMC	ATAC-seq	NA	ATAC-seq	success	23434	949175	1.3958508968353271	C:/Users/Wolff/OneDrive - Universität Salzburg/Scripts_Computing/R/GSE152136_DNMT3A/tracks/regional_1d/ATAC-seq/GSM4604257_673_ATAC-seq_DNMT3A.bedGraph	NA	GSM4604257_673_ATAC-seq.10bp.RPGC.bigwig	https://ftp.ncbi.nlm.nih.gov/geo/samples/GSM4604nnn/GSM4604257/suppl//GSM4604257_673_ATAC-seq.10bp.RPGC.bigwig	GSE152134	673_ATAC-seq
GSM4604209	018	AML	CUT&Tag	CTCF	CTCF	success	7032	295580	1.4414122104644775	C:/Users/Wolff/OneDrive - Universität Salzburg/Scripts_Computing/R/GSE152136_DNMT3A/tracks/regional_1d/CTCF/GSM4604209_018_CTCF_DNMT3A.bedGraph	NA	GSM4604209_018_CUT_TAG_CTCF.MACS2.nodup_x_ctl.pval.signal.bigwig	https://ftp.ncbi.nlm.nih.gov/geo/samples/GSM4604nnn/GSM4604209/suppl//GSM4604209_018_CUT_TAG_CTCF.MACS2.nodup_x_ctl.pval.signal.bigwig	GSE152132	018_CUT&TAG_CTCF
GSM4604213	027	AML	CUT&Tag	CTCF	CTCF	success	8284	351788	1.4856700897216797	C:/Users/Wolff/OneDrive - Universität Salzburg/Scripts_Computing/R/GSE152136_DNMT3A/tracks/regional_1d/CTCF/GSM4604213_027_CTCF_DNMT3A.bedGraph	NA	GSM4604213_027_CUT_TAG_CTCF.MACS2.nodup_x_ctl.pval.signal.bigwig	https://ftp.ncbi.nlm.nih.gov/geo/samples/GSM4604nnn/GSM4604213/suppl//GSM4604213_027_CUT_TAG_CTCF.MACS2.nodup_x_ctl.pval.signal.bigwig	GSE152132	027_CUT&TAG_CTCF
GSM4604212	168	AML	CUT&Tag	CTCF	CTCF	success	10297	434020	1.3856101036071777	C:/Users/Wolff/OneDrive - Universität Salzburg/Scripts_Computing/R/GSE152136_DNMT3A/tracks/regional_1d/CTCF/GSM4604212_168_CTCF_DNMT3A.bedGraph	NA	GSM4604212_168_CUT_TAG_CTCF.MACS2.nodup_x_ctl.pval.signal.bigwig	https://ftp.ncbi.nlm.nih.gov/geo/samples/GSM4604nnn/GSM4604212/suppl//GSM4604212_168_CUT_TAG_CTCF.MACS2.nodup_x_ctl.pval.signal.bigwig	GSE152132	168_CUT&TAG_CTCF
GSM4604207	270	AML	CUT&Tag	CTCF	CTCF	success	7776	327292	1.3047430515289307	C:/Users/Wolff/OneDrive - Universität Salzburg/Scripts_Computing/R/GSE152136_DNMT3A/tracks/regional_1d/CTCF/GSM4604207_270_CTCF_DNMT3A.bedGraph	NA	GSM4604207_270_CUT_TAG_CTCF.MACS2.nodup_x_ctl.pval.signal.bigwig	https://ftp.ncbi.nlm.nih.gov/geo/samples/GSM4604nnn/GSM4604207/suppl//GSM4604207_270_CUT_TAG_CTCF.MACS2.nodup_x_ctl.pval.signal.bigwig	GSE152132	270_CUT&TAG_CTCF
GSM4604211	472	AML	CUT&Tag	CTCF	CTCF	success	11525	486035	1.3892080783843994	C:/Users/Wolff/OneDrive - Universität Salzburg/Scripts_Computing/R/GSE152136_DNMT3A/tracks/regional_1d/CTCF/GSM4604211_472_CTCF_DNMT3A.bedGraph	NA	GSM4604211_472_CUT_TAG_CTCF.MACS2.nodup_x_ctl.pval.signal.bigwig	https://ftp.ncbi.nlm.nih.gov/geo/samples/GSM4604nnn/GSM4604211/suppl//GSM4604211_472_CUT_TAG_CTCF.MACS2.nodup_x_ctl.pval.signal.bigwig	GSE152132	472_CUT&TAG_CTCF
GSM4604210	546	AML	CUT&Tag	CTCF	CTCF	success	7540	319401	1.3747551441192627	C:/Users/Wolff/OneDrive - Universität Salzburg/Scripts_Computing/R/GSE152136_DNMT3A/tracks/regional_1d/CTCF/GSM4604210_546_CTCF_DNMT3A.bedGraph	NA	GSM4604210_546_CUT_TAG_CTCF.MACS2.nodup_x_ctl.pval.signal.bigwig	https://ftp.ncbi.nlm.nih.gov/geo/samples/GSM4604nnn/GSM4604210/suppl//GSM4604210_546_CUT_TAG_CTCF.MACS2.nodup_x_ctl.pval.signal.bigwig	GSE152132	546_CUT&TAG_CTCF
GSM4604206	629	AML	CUT&Tag	CTCF	CTCF	success	21707	920116	1.3185319900512695	C:/Users/Wolff/OneDrive - Universität Salzburg/Scripts_Computing/R/GSE152136_DNMT3A/tracks/regional_1d/CTCF/GSM4604206_629_CTCF_DNMT3A.bedGraph	NA	GSM4604206_629_CUT_TAG_CTCF.MACS2.nodup_x_ctl.pval.signal.bigwig	https://ftp.ncbi.nlm.nih.gov/geo/samples/GSM4604nnn/GSM4604206/suppl//GSM4604206_629_CUT_TAG_CTCF.MACS2.nodup_x_ctl.pval.signal.bigwig	GSE152132	629_CUT&TAG_CTCF
GSM4604208	773	AML	CUT&Tag	CTCF	CTCF	success	9728	411089	1.449174165725708	C:/Users/Wolff/OneDrive - Universität Salzburg/Scripts_Computing/R/GSE152136_DNMT3A/tracks/regional_1d/CTCF/GSM4604208_773_CTCF_DNMT3A.bedGraph	NA	GSM4604208_773_CUT_TAG_CTCF.MACS2.nodup_x_ctl.pval.signal.bigwig	https://ftp.ncbi.nlm.nih.gov/geo/samples/GSM4604nnn/GSM4604208/suppl//GSM4604208_773_CUT_TAG_CTCF.MACS2.nodup_x_ctl.pval.signal.bigwig	GSE152132	773_CUT&TAG_CTCF
GSM4604204	103	PBMC	CUT&Tag	CTCF	CTCF	success	8246	351589	1.4413840770721436	C:/Users/Wolff/OneDrive - Universität Salzburg/Scripts_Computing/R/GSE152136_DNMT3A/tracks/regional_1d/CTCF/GSM4604204_103_CTCF_DNMT3A.bedGraph	NA	GSM4604204_103_CUT_TAG_CTCF.MACS2.nodup_x_ctl.pval.signal.bigwig	https://ftp.ncbi.nlm.nih.gov/geo/samples/GSM4604nnn/GSM4604204/suppl//GSM4604204_103_CUT_TAG_CTCF.MACS2.nodup_x_ctl.pval.signal.bigwig	GSE152132	103_CUT&TAG_CTCF
GSM4604185	018	AML	CUT&Tag	H3K27ac	H3K27ac	success	10682	453176	1.5963540077209473	C:/Users/Wolff/OneDrive - Universität Salzburg/Scripts_Computing/R/GSE152136_DNMT3A/tracks/regional_1d/H3K27ac/GSM4604185_018_H3K27ac_DNMT3A.bedGraph	NA	GSM4604185_018_CUT_TAG_H3K27ac.MACS2.nodup_x_ctl.pval.signal.bigwig	https://ftp.ncbi.nlm.nih.gov/geo/samples/GSM4604nnn/GSM4604185/suppl//GSM4604185_018_CUT_TAG_H3K27ac.MACS2.nodup_x_ctl.pval.signal.bigwig	GSE152132	018_CUT&TAG_H3K27ac
GSM4604191	027	AML	CUT&Tag	H3K27ac	H3K27ac	success	17277	730536	1.4690749645233154	C:/Users/Wolff/OneDrive - Universität Salzburg/Scripts_Computing/R/GSE152136_DNMT3A/tracks/regional_1d/H3K27ac/GSM4604191_027_H3K27ac_DNMT3A.bedGraph	NA	GSM4604191_027_CUT_TAG_H3K27ac.MACS2.nodup_x_ctl.pval.signal.bigwig	https://ftp.ncbi.nlm.nih.gov/geo/samples/GSM4604nnn/GSM4604191/suppl//GSM4604191_027_CUT_TAG_H3K27ac.MACS2.nodup_x_ctl.pval.signal.bigwig	GSE152132	027_CUT&TAG_H3K27ac
GSM4604189	1360	AML	CUT&Tag	H3K27ac	H3K27ac	success	30290	1273546	1.5493969917297363	C:/Users/Wolff/OneDrive - Universität Salzburg/Scripts_Computing/R/GSE152136_DNMT3A/tracks/regional_1d/H3K27ac/GSM4604189_1360_H3K27ac_DNMT3A.bedGraph	NA	GSM4604189_1360_CUT_TAG_H3K27ac.MACS2.nodup_x_ctl.pval.signal.bigwig	https://ftp.ncbi.nlm.nih.gov/geo/samples/GSM4604nnn/GSM4604189/suppl//GSM4604189_1360_CUT_TAG_H3K27ac.MACS2.nodup_x_ctl.pval.signal.bigwig	GSE152132	1360_CUT&TAG_H3K27ac
GSM4604190	168	AML	CUT&Tag	H3K27ac	H3K27ac	success	16106	685398	1.6005377769470215	C:/Users/Wolff/OneDrive - Universität Salzburg/Scripts_Computing/R/GSE152136_DNMT3A/tracks/regional_1d/H3K27ac/GSM4604190_168_H3K27ac_DNMT3A.bedGraph	NA	GSM4604190_168_CUT_TAG_H3K27ac.MACS2.nodup_x_ctl.pval.signal.bigwig	https://ftp.ncbi.nlm.nih.gov/geo/samples/GSM4604nnn/GSM4604190/suppl//GSM4604190_168_CUT_TAG_H3K27ac.MACS2.nodup_x_ctl.pval.signal.bigwig	GSE152132	168_CUT&TAG_H3K27ac
GSM4604187	1916	AML	CUT&Tag	H3K27ac	H3K27ac	success	24175	1017576	1.3296549320220947	C:/Users/Wolff/OneDrive - Universität Salzburg/Scripts_Computing/R/GSE152136_DNMT3A/tracks/regional_1d/H3K27ac/GSM4604187_1916_H3K27ac_DNMT3A.bedGraph	NA	GSM4604187_1916_CUT_TAG_H3K27ac.MACS2.nodup_x_ctl.pval.signal.bigwig	https://ftp.ncbi.nlm.nih.gov/geo/samples/GSM4604nnn/GSM4604187/suppl//GSM4604187_1916_CUT_TAG_H3K27ac.MACS2.nodup_x_ctl.pval.signal.bigwig	GSE152132	1916_CUT&TAG_H3K27ac
GSM4604183	270	AML	CUT&Tag	H3K27ac	H3K27ac	success	7483	317707	1.4676141738891602	C:/Users/Wolff/OneDrive - Universität Salzburg/Scripts_Computing/R/GSE152136_DNMT3A/tracks/regional_1d/H3K27ac/GSM4604183_270_H3K27ac_DNMT3A.bedGraph	NA	GSM4604183_270_CUT_TAG_H3K27ac.MACS2.nodup_x_ctl.pval.signal.bigwig	https://ftp.ncbi.nlm.nih.gov/geo/samples/GSM4604nnn/GSM4604183/suppl//GSM4604183_270_CUT_TAG_H3K27ac.MACS2.nodup_x_ctl.pval.signal.bigwig	GSE152132	270_CUT&TAG_H3K27ac
GSM4604188	472	AML	CUT&Tag	H3K27ac	H3K27ac	success	13690	581993	1.422780990600586	C:/Users/Wolff/OneDrive - Universität Salzburg/Scripts_Computing/R/GSE152136_DNMT3A/tracks/regional_1d/H3K27ac/GSM4604188_472_H3K27ac_DNMT3A.bedGraph	NA	GSM4604188_472_CUT_TAG_H3K27ac.MACS2.nodup_x_ctl.pval.signal.bigwig	https://ftp.ncbi.nlm.nih.gov/geo/samples/GSM4604nnn/GSM4604188/suppl//GSM4604188_472_CUT_TAG_H3K27ac.MACS2.nodup_x_ctl.pval.signal.bigwig	GSE152132	472_CUT&TAG_H3K27ac
GSM4604186	546	AML	CUT&Tag	H3K27ac	H3K27ac	success	16344	691238	1.5474309921264648	C:/Users/Wolff/OneDrive - Universität Salzburg/Scripts_Computing/R/GSE152136_DNMT3A/tracks/regional_1d/H3K27ac/GSM4604186_546_H3K27ac_DNMT3A.bedGraph	NA	GSM4604186_546_CUT_TAG_H3K27ac.MACS2.nodup_x_ctl.pval.signal.bigwig	https://ftp.ncbi.nlm.nih.gov/geo/samples/GSM4604nnn/GSM4604186/suppl//GSM4604186_546_CUT_TAG_H3K27ac.MACS2.nodup_x_ctl.pval.signal.bigwig	GSE152132	546_CUT&TAG_H3K27ac
GSM4604182	629	AML	CUT&Tag	H3K27ac	H3K27ac	success	34837	1481120	1.9193000793457031	C:/Users/Wolff/OneDrive - Universität Salzburg/Scripts_Computing/R/GSE152136_DNMT3A/tracks/regional_1d/H3K27ac/GSM4604182_629_H3K27ac_DNMT3A.bedGraph	NA	GSM4604182_629_CUT_TAG_H3K27ac.MACS2.nodup_x_ctl.pval.signal.bigwig	https://ftp.ncbi.nlm.nih.gov/geo/samples/GSM4604nnn/GSM4604182/suppl//GSM4604182_629_CUT_TAG_H3K27ac.MACS2.nodup_x_ctl.pval.signal.bigwig	GSE152132	629_CUT&TAG_H3K27ac
GSM4604184	773	AML	CUT&Tag	H3K27ac	H3K27ac	success	18154	763931	1.580216884613037	C:/Users/Wolff/OneDrive - Universität Salzburg/Scripts_Computing/R/GSE152136_DNMT3A/tracks/regional_1d/H3K27ac/GSM4604184_773_H3K27ac_DNMT3A.bedGraph	NA	GSM4604184_773_CUT_TAG_H3K27ac.MACS2.nodup_x_ctl.pval.signal.bigwig	https://ftp.ncbi.nlm.nih.gov/geo/samples/GSM4604nnn/GSM4604184/suppl//GSM4604184_773_CUT_TAG_H3K27ac.MACS2.nodup_x_ctl.pval.signal.bigwig	GSE152132	773_CUT&TAG_H3K27ac
GSM4604180	103	PBMC	CUT&Tag	H3K27ac	H3K27ac	already_exists	NA	468698	NA	C:/Users/Wolff/OneDrive - Universität Salzburg/Scripts_Computing/R/GSE152136_DNMT3A/tracks/regional_1d/H3K27ac/GSM4604180_103_H3K27ac_DNMT3A.bedGraph	NA	GSM4604180_103_CUT_TAG_H3K27ac.MACS2.nodup_x_ctl.pval.signal.bigwig	https://ftp.ncbi.nlm.nih.gov/geo/samples/GSM4604nnn/GSM4604180/suppl//GSM4604180_103_CUT_TAG_H3K27ac.MACS2.nodup_x_ctl.pval.signal.bigwig	GSE152132	103_CUT&TAG_H3K27ac
GSM4604181	673	PBMC	CUT&Tag	H3K27ac	H3K27ac	success	3488	146397	1.3529870510101318	C:/Users/Wolff/OneDrive - Universität Salzburg/Scripts_Computing/R/GSE152136_DNMT3A/tracks/regional_1d/H3K27ac/GSM4604181_673_H3K27ac_DNMT3A.bedGraph	NA	GSM4604181_673_CUT_TAG_H3K27ac.MACS2.nodup_x_ctl.pval.signal.bigwig	https://ftp.ncbi.nlm.nih.gov/geo/samples/GSM4604nnn/GSM4604181/suppl//GSM4604181_673_CUT_TAG_H3K27ac.MACS2.nodup_x_ctl.pval.signal.bigwig	GSE152132	673_CUT&TAG_H3K27ac
GSM4604197	018	AML	CUT&Tag	H3K27me3	H3K27me3	success	7316	312969	1.3552489280700684	C:/Users/Wolff/OneDrive - Universität Salzburg/Scripts_Computing/R/GSE152136_DNMT3A/tracks/regional_1d/H3K27me3/GSM4604197_018_H3K27me3_DNMT3A.bedGraph	NA	GSM4604197_018_CUT_TAG_H3K27me3.MACS2.nodup_x_ctl.pval.signal.bigwig	https://ftp.ncbi.nlm.nih.gov/geo/samples/GSM4604nnn/GSM4604197/suppl//GSM4604197_018_CUT_TAG_H3K27me3.MACS2.nodup_x_ctl.pval.signal.bigwig	GSE152132	018_CUT&TAG_H3K27me3
GSM4604203	027	AML	CUT&Tag	H3K27me3	H3K27me3	success	8975	377323	1.4719979763031006	C:/Users/Wolff/OneDrive - Universität Salzburg/Scripts_Computing/R/GSE152136_DNMT3A/tracks/regional_1d/H3K27me3/GSM4604203_027_H3K27me3_DNMT3A.bedGraph	NA	GSM4604203_027_CUT_TAG_H3K27me3.MACS2.nodup_x_ctl.pval.signal.bigwig	https://ftp.ncbi.nlm.nih.gov/geo/samples/GSM4604nnn/GSM4604203/suppl//GSM4604203_027_CUT_TAG_H3K27me3.MACS2.nodup_x_ctl.pval.signal.bigwig	GSE152132	027_CUT&TAG_H3K27me3
GSM4604201	1360	AML	CUT&Tag	H3K27me3	H3K27me3	success	7994	336751	1.3322150707244873	C:/Users/Wolff/OneDrive - Universität Salzburg/Scripts_Computing/R/GSE152136_DNMT3A/tracks/regional_1d/H3K27me3/GSM4604201_1360_H3K27me3_DNMT3A.bedGraph	NA	GSM4604201_1360_CUT_TAG_H3K27me3.MACS2.nodup_x_ctl.pval.signal.bigwig	https://ftp.ncbi.nlm.nih.gov/geo/samples/GSM4604nnn/GSM4604201/suppl//GSM4604201_1360_CUT_TAG_H3K27me3.MACS2.nodup_x_ctl.pval.signal.bigwig	GSE152132	1360_CUT&TAG_H3K27me3
GSM4604202	168	AML	CUT&Tag	H3K27me3	H3K27me3	success	11891	510153	1.4390339851379395	C:/Users/Wolff/OneDrive - Universität Salzburg/Scripts_Computing/R/GSE152136_DNMT3A/tracks/regional_1d/H3K27me3/GSM4604202_168_H3K27me3_DNMT3A.bedGraph	NA	GSM4604202_168_CUT_TAG_H3K27me3.MACS2.nodup_x_ctl.pval.signal.bigwig	https://ftp.ncbi.nlm.nih.gov/geo/samples/GSM4604nnn/GSM4604202/suppl//GSM4604202_168_CUT_TAG_H3K27me3.MACS2.nodup_x_ctl.pval.signal.bigwig	GSE152132	168_CUT&TAG_H3K27me3
GSM4604199	1916	AML	CUT&Tag	H3K27me3	H3K27me3	success	6016	253317	1.3925600051879883	C:/Users/Wolff/OneDrive - Universität Salzburg/Scripts_Computing/R/GSE152136_DNMT3A/tracks/regional_1d/H3K27me3/GSM4604199_1916_H3K27me3_DNMT3A.bedGraph	NA	GSM4604199_1916_CUT_TAG_H3K27me3.MACS2.nodup_x_ctl.pval.signal.bigwig	https://ftp.ncbi.nlm.nih.gov/geo/samples/GSM4604nnn/GSM4604199/suppl//GSM4604199_1916_CUT_TAG_H3K27me3.MACS2.nodup_x_ctl.pval.signal.bigwig	GSE152132	1916_CUT&TAG_H3K27me3
GSM4604195	270	AML	CUT&Tag	H3K27me3	H3K27me3	success	11258	482144	1.3677198886871338	C:/Users/Wolff/OneDrive - Universität Salzburg/Scripts_Computing/R/GSE152136_DNMT3A/tracks/regional_1d/H3K27me3/GSM4604195_270_H3K27me3_DNMT3A.bedGraph	NA	GSM4604195_270_CUT_TAG_H3K27me3.MACS2.nodup_x_ctl.pval.signal.bigwig	https://ftp.ncbi.nlm.nih.gov/geo/samples/GSM4604nnn/GSM4604195/suppl//GSM4604195_270_CUT_TAG_H3K27me3.MACS2.nodup_x_ctl.pval.signal.bigwig	GSE152132	270_CUT&TAG_H3K27me3
GSM4604200	472	AML	CUT&Tag	H3K27me3	H3K27me3	success	12950	552329	1.320986032485962	C:/Users/Wolff/OneDrive - Universität Salzburg/Scripts_Computing/R/GSE152136_DNMT3A/tracks/regional_1d/H3K27me3/GSM4604200_472_H3K27me3_DNMT3A.bedGraph	NA	GSM4604200_472_CUT_TAG_H3K27me3.MACS2.nodup_x_ctl.pval.signal.bigwig	https://ftp.ncbi.nlm.nih.gov/geo/samples/GSM4604nnn/GSM4604200/suppl//GSM4604200_472_CUT_TAG_H3K27me3.MACS2.nodup_x_ctl.pval.signal.bigwig	GSE152132	472_CUT&TAG_H3K27me3
GSM4604198	546	AML	CUT&Tag	H3K27me3	H3K27me3	success	12219	519736	1.4371860027313232	C:/Users/Wolff/OneDrive - Universität Salzburg/Scripts_Computing/R/GSE152136_DNMT3A/tracks/regional_1d/H3K27me3/GSM4604198_546_H3K27me3_DNMT3A.bedGraph	NA	GSM4604198_546_CUT_TAG_H3K27me3.MACS2.nodup_x_ctl.pval.signal.bigwig	https://ftp.ncbi.nlm.nih.gov/geo/samples/GSM4604nnn/GSM4604198/suppl//GSM4604198_546_CUT_TAG_H3K27me3.MACS2.nodup_x_ctl.pval.signal.bigwig	GSE152132	546_CUT&TAG_H3K27me3
GSM4604194	629	AML	CUT&Tag	H3K27me3	H3K27me3	success	21612	930227	1.4543039798736572	C:/Users/Wolff/OneDrive - Universität Salzburg/Scripts_Computing/R/GSE152136_DNMT3A/tracks/regional_1d/H3K27me3/GSM4604194_629_H3K27me3_DNMT3A.bedGraph	NA	GSM4604194_629_CUT_TAG_H3K27me3.MACS2.nodup_x_ctl.pval.signal.bigwig	https://ftp.ncbi.nlm.nih.gov/geo/samples/GSM4604nnn/GSM4604194/suppl//GSM4604194_629_CUT_TAG_H3K27me3.MACS2.nodup_x_ctl.pval.signal.bigwig	GSE152132	629_CUT&TAG_H3K27me3
GSM4604196	773	AML	CUT&Tag	H3K27me3	H3K27me3	success	6186	264903	1.3933279514312744	C:/Users/Wolff/OneDrive - Universität Salzburg/Scripts_Computing/R/GSE152136_DNMT3A/tracks/regional_1d/H3K27me3/GSM4604196_773_H3K27me3_DNMT3A.bedGraph	NA	GSM4604196_773_CUT_TAG_H3K27me3.MACS2.nodup_x_ctl.pval.signal.bigwig	https://ftp.ncbi.nlm.nih.gov/geo/samples/GSM4604nnn/GSM4604196/suppl//GSM4604196_773_CUT_TAG_H3K27me3.MACS2.nodup_x_ctl.pval.signal.bigwig	GSE152132	773_CUT&TAG_H3K27me3
GSM4604192	103	PBMC	CUT&Tag	H3K27me3	H3K27me3	success	10785	458799	1.312014102935791	C:/Users/Wolff/OneDrive - Universität Salzburg/Scripts_Computing/R/GSE152136_DNMT3A/tracks/regional_1d/H3K27me3/GSM4604192_103_H3K27me3_DNMT3A.bedGraph	NA	GSM4604192_103_CUT_TAG_H3K27me3.MACS2.nodup_x_ctl.pval.signal.bigwig	https://ftp.ncbi.nlm.nih.gov/geo/samples/GSM4604nnn/GSM4604192/suppl//GSM4604192_103_CUT_TAG_H3K27me3.MACS2.nodup_x_ctl.pval.signal.bigwig	GSE152132	103_CUT&TAG_H3K27me3
GSM4604193	673	PBMC	CUT&Tag	H3K27me3	H3K27me3	success	2733	116338	1.468200922012329	C:/Users/Wolff/OneDrive - Universität Salzburg/Scripts_Computing/R/GSE152136_DNMT3A/tracks/regional_1d/H3K27me3/GSM4604193_673_H3K27me3_DNMT3A.bedGraph	NA	GSM4604193_673_CUT_TAG_H3K27me3.MACS2.nodup_x_ctl.pval.signal.bigwig	https://ftp.ncbi.nlm.nih.gov/geo/samples/GSM4604nnn/GSM4604193/suppl//GSM4604193_673_CUT_TAG_H3K27me3.MACS2.nodup_x_ctl.pval.signal.bigwig	GSE152132	673_CUT&TAG_H3K27me3
GSM4603053	018	AML	WGBS	NA	WGBS	success	12856	379372	1.349330186843872	C:/Users/Wolff/OneDrive - Universität Salzburg/Scripts_Computing/R/GSE152136_DNMT3A/tracks/regional_1d/WGBS/GSM4603053_018_WGBS_DNMT3A.bedGraph	NA	GSM4603053_allc_18.CGN.10bp.bw	https://ftp.ncbi.nlm.nih.gov/geo/samples/GSM4603nnn/GSM4603053/suppl//GSM4603053_allc_18.CGN.10bp.bw	GSE152099	018_WGBS
GSM4603058	027	AML	WGBS	NA	WGBS	success	12955	386877	1.2919268608093262	C:/Users/Wolff/OneDrive - Universität Salzburg/Scripts_Computing/R/GSE152136_DNMT3A/tracks/regional_1d/WGBS/GSM4603058_027_WGBS_DNMT3A.bedGraph	NA	GSM4603058_allc_27.CGN.10bp.bw	https://ftp.ncbi.nlm.nih.gov/geo/samples/GSM4603nnn/GSM4603058/suppl//GSM4603058_allc_27.CGN.10bp.bw	GSE152099	027_WGBS
GSM5688604	1071	AML	WGBS	NA	WGBS	success	14502	517809	1.6012139320373535	C:/Users/Wolff/OneDrive - Universität Salzburg/Scripts_Computing/R/GSE152136_DNMT3A/tracks/regional_1d/WGBS/GSM5688604_1071_WGBS_DNMT3A.bedGraph	NA	GSM5688604_allc_1071.CGN.10bp.bw	https://ftp.ncbi.nlm.nih.gov/geo/samples/GSM5688nnn/GSM5688604/suppl//GSM5688604_allc_1071.CGN.10bp.bw	GSE152099	1071_WGBS
GSM5688605	1324	AML	WGBS	NA	WGBS	success	14457	511708	1.415337085723877	C:/Users/Wolff/OneDrive - Universität Salzburg/Scripts_Computing/R/GSE152136_DNMT3A/tracks/regional_1d/WGBS/GSM5688605_1324_WGBS_DNMT3A.bedGraph	NA	GSM5688605_allc_1324.CGN.10bp.bw	https://ftp.ncbi.nlm.nih.gov/geo/samples/GSM5688nnn/GSM5688605/suppl//GSM5688605_allc_1324.CGN.10bp.bw	GSE152099	1324_WGBS
GSM4603057	168	AML	WGBS	NA	WGBS	success	12965	385696	1.5122590065002441	C:/Users/Wolff/OneDrive - Universität Salzburg/Scripts_Computing/R/GSE152136_DNMT3A/tracks/regional_1d/WGBS/GSM4603057_168_WGBS_DNMT3A.bedGraph	NA	GSM4603057_allc_168.CGN.10bp.bw	https://ftp.ncbi.nlm.nih.gov/geo/samples/GSM4603nnn/GSM4603057/suppl//GSM4603057_allc_168.CGN.10bp.bw	GSE152099	168_WGBS
GSM4603054	260	AML	WGBS	NA	WGBS	success	12964	385021	1.7730469703674316	C:/Users/Wolff/OneDrive - Universität Salzburg/Scripts_Computing/R/GSE152136_DNMT3A/tracks/regional_1d/WGBS/GSM4603054_260_WGBS_DNMT3A.bedGraph	NA	GSM4603054_allc_260.CGN.10bp.bw	https://ftp.ncbi.nlm.nih.gov/geo/samples/GSM4603nnn/GSM4603054/suppl//GSM4603054_allc_260.CGN.10bp.bw	GSE152099	260_WGBS
GSM4603050	270	AML	WGBS	NA	WGBS	success	13377	417460	1.5992889404296875	C:/Users/Wolff/OneDrive - Universität Salzburg/Scripts_Computing/R/GSE152136_DNMT3A/tracks/regional_1d/WGBS/GSM4603050_270_WGBS_DNMT3A.bedGraph	NA	GSM4603050_allc_270.CGN.10bp.bw	https://ftp.ncbi.nlm.nih.gov/geo/samples/GSM4603nnn/GSM4603050/suppl//GSM4603050_allc_270.CGN.10bp.bw	GSE152099	270_WGBS
GSM5688606	424	AML	WGBS	NA	WGBS	success	13889	452585	1.2711031436920166	C:/Users/Wolff/OneDrive - Universität Salzburg/Scripts_Computing/R/GSE152136_DNMT3A/tracks/regional_1d/WGBS/GSM5688606_424_WGBS_DNMT3A.bedGraph	NA	GSM5688606_allc_424.CGN.10bp.bw	https://ftp.ncbi.nlm.nih.gov/geo/samples/GSM5688nnn/GSM5688606/suppl//GSM5688606_allc_424.CGN.10bp.bw	GSE152099	424_WGBS
GSM4603056	472	AML	WGBS	NA	WGBS	success	13032	393446	1.494920015335083	C:/Users/Wolff/OneDrive - Universität Salzburg/Scripts_Computing/R/GSE152136_DNMT3A/tracks/regional_1d/WGBS/GSM4603056_472_WGBS_DNMT3A.bedGraph	NA	GSM4603056_allc_472.CGN.10bp.bw	https://ftp.ncbi.nlm.nih.gov/geo/samples/GSM4603nnn/GSM4603056/suppl//GSM4603056_allc_472.CGN.10bp.bw	GSE152099	472_WGBS
GSM5688607	496	AML	WGBS	NA	WGBS	success	13744	442134	1.6220431327819824	C:/Users/Wolff/OneDrive - Universität Salzburg/Scripts_Computing/R/GSE152136_DNMT3A/tracks/regional_1d/WGBS/GSM5688607_496_WGBS_DNMT3A.bedGraph	NA	GSM5688607_allc_496.CGN.10bp.bw	https://ftp.ncbi.nlm.nih.gov/geo/samples/GSM5688nnn/GSM5688607/suppl//GSM5688607_allc_496.CGN.10bp.bw	GSE152099	496_WGBS
GSM5688608	504	AML	WGBS	NA	WGBS	success	13816	451335	1.4618420600891113	C:/Users/Wolff/OneDrive - Universität Salzburg/Scripts_Computing/R/GSE152136_DNMT3A/tracks/regional_1d/WGBS/GSM5688608_504_WGBS_DNMT3A.bedGraph	NA	GSM5688608_allc_504.CGN.10bp.bw	https://ftp.ncbi.nlm.nih.gov/geo/samples/GSM5688nnn/GSM5688608/suppl//GSM5688608_allc_504.CGN.10bp.bw	GSE152099	504_WGBS
GSM4603055	546	AML	WGBS	NA	WGBS	success	12919	382815	1.3457601070404053	C:/Users/Wolff/OneDrive - Universität Salzburg/Scripts_Computing/R/GSE152136_DNMT3A/tracks/regional_1d/WGBS/GSM4603055_546_WGBS_DNMT3A.bedGraph	NA	GSM4603055_allc_546.CGN.10bp.bw	https://ftp.ncbi.nlm.nih.gov/geo/samples/GSM4603nnn/GSM4603055/suppl//GSM4603055_allc_546.CGN.10bp.bw	GSE152099	546_WGBS
GSM4603052	566	AML	WGBS	NA	WGBS	success	12761	374855	1.2295939922332764	C:/Users/Wolff/OneDrive - Universität Salzburg/Scripts_Computing/R/GSE152136_DNMT3A/tracks/regional_1d/WGBS/GSM4603052_566_WGBS_DNMT3A.bedGraph	NA	GSM4603052_allc_566.CGN.10bp.bw	https://ftp.ncbi.nlm.nih.gov/geo/samples/GSM4603nnn/GSM4603052/suppl//GSM4603052_allc_566.CGN.10bp.bw	GSE152099	566_WGBS
GSM4603049	629	AML	WGBS	NA	WGBS	success	14060	469421	1.4991018772125244	C:/Users/Wolff/OneDrive - Universität Salzburg/Scripts_Computing/R/GSE152136_DNMT3A/tracks/regional_1d/WGBS/GSM4603049_629_WGBS_DNMT3A.bedGraph	NA	GSM4603049_allc_629.CGN.10bp.bw	https://ftp.ncbi.nlm.nih.gov/geo/samples/GSM4603nnn/GSM4603049/suppl//GSM4603049_allc_629.CGN.10bp.bw	GSE152099	629_WGBS
GSM4603051	773	AML	WGBS	NA	WGBS	success	13200	402901	1.6694250106811523	C:/Users/Wolff/OneDrive - Universität Salzburg/Scripts_Computing/R/GSE152136_DNMT3A/tracks/regional_1d/WGBS/GSM4603051_773_WGBS_DNMT3A.bedGraph	NA	GSM4603051_allc_773.CGN.10bp.bw	https://ftp.ncbi.nlm.nih.gov/geo/samples/GSM4603nnn/GSM4603051/suppl//GSM4603051_allc_773.CGN.10bp.bw	GSE152099	773_WGBS
GSM5688609	798	AML	WGBS	NA	WGBS	success	13863	452965	1.2951600551605225	C:/Users/Wolff/OneDrive - Universität Salzburg/Scripts_Computing/R/GSE152136_DNMT3A/tracks/regional_1d/WGBS/GSM5688609_798_WGBS_DNMT3A.bedGraph	NA	GSM5688609_allc_798.CGN.10bp.bw	https://ftp.ncbi.nlm.nih.gov/geo/samples/GSM5688nnn/GSM5688609/suppl//GSM5688609_allc_798.CGN.10bp.bw	GSE152099	798_WGBS
GSM5688610	838	AML	WGBS	NA	WGBS	success	14087	473730	1.3528168201446533	C:/Users/Wolff/OneDrive - Universität Salzburg/Scripts_Computing/R/GSE152136_DNMT3A/tracks/regional_1d/WGBS/GSM5688610_838_WGBS_DNMT3A.bedGraph	NA	GSM5688610_allc_838.CGN.10bp.bw	https://ftp.ncbi.nlm.nih.gov/geo/samples/GSM5688nnn/GSM5688610/suppl//GSM5688610_allc_838.CGN.10bp.bw	GSE152099	838_WGBS
GSM5688611	933	AML	WGBS	NA	WGBS	success	14000	461506	1.5588319301605225	C:/Users/Wolff/OneDrive - Universität Salzburg/Scripts_Computing/R/GSE152136_DNMT3A/tracks/regional_1d/WGBS/GSM5688611_933_WGBS_DNMT3A.bedGraph	NA	GSM5688611_allc_933.CGN.10bp.bw	https://ftp.ncbi.nlm.nih.gov/geo/samples/GSM5688nnn/GSM5688611/suppl//GSM5688611_allc_933.CGN.10bp.bw	GSE152099	933_WGBS
GSM4603047	103	PBMC	WGBS	NA	WGBS	already_exists	NA	466555	NA	C:/Users/Wolff/OneDrive - Universität Salzburg/Scripts_Computing/R/GSE152136_DNMT3A/tracks/regional_1d/WGBS/GSM4603047_103_WGBS_DNMT3A.bedGraph	NA	GSM4603047_allc_103.CGN.10bp.bw	https://ftp.ncbi.nlm.nih.gov/geo/samples/GSM4603nnn/GSM4603047/suppl//GSM4603047_allc_103.CGN.10bp.bw	GSE152099	103_WGBS
GSM4603048	673	PBMC	WGBS	NA	WGBS	success	13304	415264	2.001513957977295	C:/Users/Wolff/OneDrive - Universität Salzburg/Scripts_Computing/R/GSE152136_DNMT3A/tracks/regional_1d/WGBS/GSM4603048_673_WGBS_DNMT3A.bedGraph	NA	GSM4603048_allc_673.CGN.10bp.bw	https://ftp.ncbi.nlm.nih.gov/geo/samples/GSM4603nnn/GSM4603048/suppl//GSM4603048_allc_673.CGN.10bp.bw	GSE152099	673_WGBS
